{
    "GameObjects": [
        {
            "uID": "2e5de753-5ad0-4565-aad2-e69e198ccf9c",
            "name": "Root",
            "parentUID": "0",
            "enable": true,
            "components": [],
            "def_transform": [
                {
                    "compType": "TRANSFORM",
                    "ownerUID": "2e5de753-5ad0-4565-aad2-e69e198ccf9c",
                    "uID": "ef90f96a-04a8-4663-bd17-5cc765a63f58",
                    "position": {
                        "x": 0.0,
                        "y": 0.0,
                        "z": 0.0
                    },
                    "eulerRotation": {
                        "x": 0.0,
                        "y": 0.0,
                        "z": 0.0
                    },
                    "scale": {
                        "x": 1.0,
                        "y": 1.0,
                        "z": 1.0
                    },
                    "rotation": {
                        "x": 0.0,
                        "y": 0.0,
                        "z": 0.0,
                        "w": 1.0
                    }
                }
            ],
            "def_material": [
                {
                    "compType": "MATERIAL",
                    "ownerUID": "2e5de753-5ad0-4565-aad2-e69e198ccf9c",
                    "uID": "319e9318-c180-4ffa-a764-81817b789819",
                    "matIndex": 0,
                    "mat": 0,
                    "diffusePath": "",
                    "specularPath": "",
                    "ambientPath": "",
                    "emissivePath": "",
                    "diffuse_map": 0,
                    "diffuse_color": {
                        "x": 1.0,
                        "y": 1.0,
                        "z": 1.0,
                        "w": 1.0
                    },
                    "k_diffuse": 0.5,
                    "specular_map": 0,
                    "specular_color": {
                        "x": 0.0,
                        "y": 0.0,
                        "z": 0.0
                    },
                    "shininess": 64.0,
                    "k_specular": 1.0,
                    "occlusion_map": 0,
                    "k_ambient": 0.5,
                    "emissive_map": 0,
                    "emissive_color": {
                        "x": 0.0,
                        "y": 0.0,
                        "z": 0.0
                    },
                    "defaultMat": true
                }
            ]
        },
        {
            "uID": "e493802e-c793-4edd-b275-af0651bb14ce",
            "name": "Drawer",
            "parentUID": "2e5de753-5ad0-4565-aad2-e69e198ccf9c",
            "enable": true,
            "components": [
                {
                    "compType": "MESH",
                    "ownerUID": "e493802e-c793-4edd-b275-af0651bb14ce",
                    "uID": "b453862b-37ff-44be-a206-056896d8e961",
                    "id": 0,
                    "numIndices": 14805,
                    "materialIndex": 0,
                    "numVert": 9773,
                    "path": "Assets/Models/Drawers/Drawers.fbx"
                }
            ],
            "def_transform": [
                {
                    "compType": "TRANSFORM",
                    "ownerUID": "e493802e-c793-4edd-b275-af0651bb14ce",
                    "uID": "ffa432dc-1dc6-4d1e-b14c-77e10b8d774f",
                    "position": {
                        "x": 2.0,
                        "y": 0.0,
                        "z": -0.5
                    },
                    "eulerRotation": {
                        "x": 0.0,
                        "y": 180.0,
                        "z": 0.0
                    },
                    "scale": {
                        "x": 0.0020000000949949028,
                        "y": 0.0020000000949949028,
                        "z": 0.0020000000949949028
                    },
                    "rotation": {
                        "x": 0.0,
                        "y": 1.0,
                        "z": 0.0,
                        "w": -4.371138828673793e-8
                    }
                }
            ],
            "def_material": [
                {
                    "compType": "MATERIAL",
                    "ownerUID": "e493802e-c793-4edd-b275-af0651bb14ce",
                    "uID": "44c7c5df-dd06-447e-a6fa-da7b3018ae90",
                    "matIndex": 0,
                    "mat": 4,
                    "diffusePath": "Assets/Textures/Drawers/DrawersDiffuse.png",
                    "specularPath": "Assets/Textures/Drawers/DrawersSpecular.tif",
                    "ambientPath": "Assets/Textures/Drawers/DrawersOcclusion.png",
                    "emissivePath": "",
                    "diffuse_map": 8,
                    "diffuse_color": {
                        "x": 1.0,
                        "y": 1.0,
                        "z": 1.0,
                        "w": 1.0
                    },
                    "k_diffuse": 0.5,
                    "specular_map": 9,
                    "specular_color": {
                        "x": 0.0,
                        "y": 0.0,
                        "z": 0.0
                    },
                    "shininess": 64.0,
                    "k_specular": 1.0,
                    "occlusion_map": 10,
                    "k_ambient": 0.5,
                    "emissive_map": 0,
                    "emissive_color": {
                        "x": 0.0,
                        "y": 0.0,
                        "z": 0.0
                    },
                    "defaultMat": true
                }
            ]
        },
        {
            "uID": "90ca0af0-9532-47e4-b455-bc240865f9d4",
            "name": "Main camera",
            "parentUID": "2e5de753-5ad0-4565-aad2-e69e198ccf9c",
            "enable": true,
            "components": [
                {
                    "compType": "CAMERA",
                    "ownerUID": "90ca0af0-9532-47e4-b455-bc240865f9d4",
                    "uID": "32feb9e2-fdd0-4705-959e-31ba4f9abb92",
                    "cameraType": 0,
                    "frustum.nearPlaneDistance": 0.10000000149011612,
                    "frustum.farPlaneDistance": 400.0,
                    "frustum.pos": {
                        "x": -3.5,
                        "y": 0.30000001192092898,
                        "z": 8.899999618530274
                    },
                    "frustum.front": {
                        "x": 0.8773137331008911,
                        "y": 0.0,
                        "z": -0.47991734743118288
                    },
                    "frustum.up": {
                        "x": 0.0,
                        "y": 1.0,
                        "z": 0.0
                    }
                }
            ],
            "def_transform": [
                {
                    "compType": "TRANSFORM",
                    "ownerUID": "90ca0af0-9532-47e4-b455-bc240865f9d4",
                    "uID": "34620350-b51d-47bc-b4f5-7343cf26c14a",
                    "position": {
                        "x": -3.5,
                        "y": 0.30000001192092898,
                        "z": 8.899999618530274
                    },
                    "eulerRotation": {
                        "x": 0.0,
                        "y": -61.31999969482422,
                        "z": 0.0
                    },
                    "scale": {
                        "x": 1.0,
                        "y": 1.0,
                        "z": 1.0
                    },
                    "rotation": {
                        "x": 0.0,
                        "y": -0.5099424719810486,
                        "z": 0.0,
                        "w": 0.8602085113525391
                    }
                }
            ],
            "def_material": [
                {
                    "compType": "MATERIAL",
                    "ownerUID": "90ca0af0-9532-47e4-b455-bc240865f9d4",
                    "uID": "067febb8-a6de-4f5a-a25f-75ca44f42c12",
                    "matIndex": 0,
                    "mat": 0,
                    "diffusePath": "",
                    "specularPath": "",
                    "ambientPath": "",
                    "emissivePath": "",
                    "diffuse_map": 0,
                    "diffuse_color": {
                        "x": 1.0,
                        "y": 1.0,
                        "z": 1.0,
                        "w": 1.0
                    },
                    "k_diffuse": 0.5,
                    "specular_map": 0,
                    "specular_color": {
                        "x": 0.0,
                        "y": 0.0,
                        "z": 0.0
                    },
                    "shininess": 64.0,
                    "k_specular": 1.0,
                    "occlusion_map": 0,
                    "k_ambient": 0.5,
                    "emissive_map": 0,
                    "emissive_color": {
                        "x": 0.0,
                        "y": 0.0,
                        "z": 0.0
                    },
                    "defaultMat": true
                }
            ]
        },
        {
            "uID": "fd95ab55-2455-432e-a06f-5a8e9ea966b3",
            "name": "Light",
            "parentUID": "2e5de753-5ad0-4565-aad2-e69e198ccf9c",
            "enable": true,
            "components": [
                {
                    "compType": "LIGHT",
                    "ownerUID": "fd95ab55-2455-432e-a06f-5a8e9ea966b3",
                    "uID": "ff7d1aa2-ae24-4c89-95f3-3d111278b7f3",
                    "intensity": 0.4000000059604645
                }
            ],
            "def_transform": [
                {
                    "compType": "TRANSFORM",
                    "ownerUID": "fd95ab55-2455-432e-a06f-5a8e9ea966b3",
                    "uID": "093ef9bf-af57-4795-88a7-17dddbf6bdd2",
                    "position": {
                        "x": 0.0,
                        "y": 10.899999618530274,
                        "z": 4.5
                    },
                    "eulerRotation": {
                        "x": 0.0,
                        "y": -5.400000095367432,
                        "z": 0.0
                    },
                    "scale": {
                        "x": 1.0,
                        "y": 1.0,
                        "z": 1.0
                    },
                    "rotation": {
                        "x": 0.0,
                        "y": -0.04710645228624344,
                        "z": 0.0,
                        "w": 0.9988898634910584
                    }
                }
            ],
            "def_material": [
                {
                    "compType": "MATERIAL",
                    "ownerUID": "fd95ab55-2455-432e-a06f-5a8e9ea966b3",
                    "uID": "c804f557-e60a-4b8d-8166-915210a4dce8",
                    "matIndex": 0,
                    "mat": 0,
                    "diffusePath": "",
                    "specularPath": "",
                    "ambientPath": "",
                    "emissivePath": "",
                    "diffuse_map": 0,
                    "diffuse_color": {
                        "x": 1.0,
                        "y": 1.0,
                        "z": 1.0,
                        "w": 1.0
                    },
                    "k_diffuse": 0.5,
                    "specular_map": 0,
                    "specular_color": {
                        "x": 0.0,
                        "y": 0.0,
                        "z": 0.0
                    },
                    "shininess": 64.0,
                    "k_specular": 1.0,
                    "occlusion_map": 0,
                    "k_ambient": 0.5,
                    "emissive_map": 0,
                    "emissive_color": {
                        "x": 0.0,
                        "y": 0.0,
                        "z": 0.0
                    },
                    "defaultMat": true
                }
            ]
        },
        {
            "uID": "34eafa17-1373-461d-ac70-ca5a89c6a1fd",
            "name": "Floor",
            "parentUID": "2e5de753-5ad0-4565-aad2-e69e198ccf9c",
            "enable": true,
            "components": [
                {
                    "compType": "MESH",
                    "ownerUID": "34eafa17-1373-461d-ac70-ca5a89c6a1fd",
                    "uID": "3886536e-e838-481b-8c22-773b8054b0f6",
                    "id": 0,
                    "numIndices": 6,
                    "materialIndex": 0,
                    "numVert": 4,
                    "path": "Assets/Models/Floor/Floor.fbx"
                },
                {
                    "compType": "MESH",
                    "ownerUID": "34eafa17-1373-461d-ac70-ca5a89c6a1fd",
                    "uID": "02b4ff0c-d858-42d9-b973-905d83216207",
                    "id": 1,
                    "numIndices": 12,
                    "materialIndex": 0,
                    "numVert": 8,
                    "path": "Assets/Models/Floor/Floor.fbx"
                },
                {
                    "compType": "MESH",
                    "ownerUID": "34eafa17-1373-461d-ac70-ca5a89c6a1fd",
                    "uID": "1bcfb57b-64a9-4858-9213-232b34539ab0",
                    "id": 2,
                    "numIndices": 19098,
                    "materialIndex": 0,
                    "numVert": 13028,
                    "path": "Assets/Models/Floor/Floor.fbx"
                }
            ],
            "def_transform": [
                {
                    "compType": "TRANSFORM",
                    "ownerUID": "34eafa17-1373-461d-ac70-ca5a89c6a1fd",
                    "uID": "8ce21015-9ce4-49ed-9105-44ede1702bd3",
                    "position": {
                        "x": -3.0,
                        "y": 0.0,
                        "z": 8.399999618530274
                    },
                    "eulerRotation": {
                        "x": 0.0,
                        "y": 0.0,
                        "z": 0.0
                    },
                    "scale": {
                        "x": 0.0020000000949949028,
                        "y": 0.0020000000949949028,
                        "z": 0.0020000000949949028
                    },
                    "rotation": {
                        "x": 0.0,
                        "y": 0.0,
                        "z": 0.0,
                        "w": 1.0
                    }
                }
            ],
            "def_material": [
                {
                    "compType": "MATERIAL",
                    "ownerUID": "34eafa17-1373-461d-ac70-ca5a89c6a1fd",
                    "uID": "4f664c76-33b0-4000-8ff4-83c1e9c4a156",
                    "matIndex": 0,
                    "mat": 4,
                    "diffusePath": "Assets/Textures/Floor/PlanksDiffuse.png",
                    "specularPath": "Assets/Textures/Floor/PlanksSpecular.tif",
                    "ambientPath": "Assets/Textures/Floor/PlanksOcclusion.png",
                    "emissivePath": "",
                    "diffuse_map": 12,
                    "diffuse_color": {
                        "x": 1.0,
                        "y": 1.0,
                        "z": 1.0,
                        "w": 1.0
                    },
                    "k_diffuse": 0.5,
                    "specular_map": 14,
                    "specular_color": {
                        "x": 0.0,
                        "y": 0.0,
                        "z": 0.0
                    },
                    "shininess": 64.0,
                    "k_specular": 1.0,
                    "occlusion_map": 13,
                    "k_ambient": 0.5,
                    "emissive_map": 0,
                    "emissive_color": {
                        "x": 0.0,
                        "y": 0.0,
                        "z": 0.0
                    },
                    "defaultMat": true
                }
            ]
        },
        {
            "uID": "3e7e7056-51f3-486f-90d7-c50a532dffc2",
            "name": "Wall",
            "parentUID": "2e5de753-5ad0-4565-aad2-e69e198ccf9c",
            "enable": true,
            "components": [
                {
                    "compType": "MESH",
                    "ownerUID": "3e7e7056-51f3-486f-90d7-c50a532dffc2",
                    "uID": "12266e48-65cb-44d8-b343-fbc4ac990e0a",
                    "id": 0,
                    "numIndices": 3168,
                    "materialIndex": 0,
                    "numVert": 2122,
                    "path": "Assets/Models/Wall/Wall.fbx"
                },
                {
                    "compType": "MESH",
                    "ownerUID": "3e7e7056-51f3-486f-90d7-c50a532dffc2",
                    "uID": "70dfb04b-0f59-4378-81f8-fca852bd4cb6",
                    "id": 1,
                    "numIndices": 4488,
                    "materialIndex": 1,
                    "numVert": 3124,
                    "path": "Assets/Models/Wall/Wall.fbx"
                }
            ],
            "def_transform": [
                {
                    "compType": "TRANSFORM",
                    "ownerUID": "3e7e7056-51f3-486f-90d7-c50a532dffc2",
                    "uID": "31a48efd-3ad1-4573-a48c-dbbb9b8c5552",
                    "position": {
                        "x": 7.0,
                        "y": 0.0,
                        "z": -1.5
                    },
                    "eulerRotation": {
                        "x": 0.0,
                        "y": 180.0,
                        "z": 0.0
                    },
                    "scale": {
                        "x": 0.0020000000949949028,
                        "y": 0.0020000000949949028,
                        "z": 0.0020000000949949028
                    },
                    "rotation": {
                        "x": 0.0,
                        "y": 1.0,
                        "z": 0.0,
                        "w": -4.371138828673793e-8
                    }
                }
            ],
            "def_material": [
                {
                    "compType": "MATERIAL",
                    "ownerUID": "3e7e7056-51f3-486f-90d7-c50a532dffc2",
                    "uID": "2deae8b6-fb8a-4ded-9b0b-e6af3713bcec",
                    "matIndex": 0,
                    "mat": 4,
                    "diffusePath": "Assets/Textures/Wall/WallDiffuse.png",
                    "specularPath": "Assets/Textures/Wall/WallSpecular.tif",
                    "ambientPath": "Assets/Textures/Wall/WallOcclusion.png",
                    "emissivePath": "",
                    "diffuse_map": 15,
                    "diffuse_color": {
                        "x": 1.0,
                        "y": 1.0,
                        "z": 1.0,
                        "w": 1.0
                    },
                    "k_diffuse": 0.5,
                    "specular_map": 17,
                    "specular_color": {
                        "x": 0.0,
                        "y": 0.0,
                        "z": 0.0
                    },
                    "shininess": 64.0,
                    "k_specular": 1.0,
                    "occlusion_map": 16,
                    "k_ambient": 0.5,
                    "emissive_map": 0,
                    "emissive_color": {
                        "x": 0.0,
                        "y": 0.0,
                        "z": 0.0
                    },
                    "defaultMat": true
                }
            ]
        }
    ]
}