<?xml version="1.0" encoding="UTF-8"?>
<DEFECTS>
  <DEFECT>
    <SFA>
      <FILEPATH>d:\github\sag-engine\mathgeolib\include\math\</FILEPATH>
      <FILENAME>float3.h</FILENAME>
      <LINE>69</LINE>
      <COLUMN>1</COLUMN>
    </SFA>
    <DEFECTCODE>26495</DEFECTCODE>
    <DESCRIPTION>Variable 'math::float3::x' is uninitialized. Always initialize a member variable (type.6).</DESCRIPTION>
    <FUNCTION>math::float3::{ctor}</FUNCTION>
    <DECORATED>??0float3@math@@QAE@XZ</DECORATED>
    <FUNCLINE>69</FUNCLINE>
    <PATH></PATH>
  </DEFECT>
  <DEFECT>
    <SFA>
      <FILEPATH>d:\github\sag-engine\mathgeolib\include\math\</FILEPATH>
      <FILENAME>float3.h</FILENAME>
      <LINE>69</LINE>
      <COLUMN>1</COLUMN>
    </SFA>
    <DEFECTCODE>26495</DEFECTCODE>
    <DESCRIPTION>Variable 'math::float3::z' is uninitialized. Always initialize a member variable (type.6).</DESCRIPTION>
    <FUNCTION>math::float3::{ctor}</FUNCTION>
    <DECORATED>??0float3@math@@QAE@XZ</DECORATED>
    <FUNCLINE>69</FUNCLINE>
    <PATH></PATH>
  </DEFECT>
  <DEFECT>
    <SFA>
      <FILEPATH>d:\github\sag-engine\mathgeolib\include\math\</FILEPATH>
      <FILENAME>float3.h</FILENAME>
      <LINE>69</LINE>
      <COLUMN>1</COLUMN>
    </SFA>
    <DEFECTCODE>26495</DEFECTCODE>
    <DESCRIPTION>Variable 'math::float3::y' is uninitialized. Always initialize a member variable (type.6).</DESCRIPTION>
    <FUNCTION>math::float3::{ctor}</FUNCTION>
    <DECORATED>??0float3@math@@QAE@XZ</DECORATED>
    <FUNCLINE>69</FUNCLINE>
    <PATH></PATH>
  </DEFECT>
  <DEFECT>
    <SFA>
      <FILEPATH>d:\github\sag-engine\mathgeolib\include\math\</FILEPATH>
      <FILENAME>float3.h</FILENAME>
      <LINE>299</LINE>
      <COLUMN>90</COLUMN>
    </SFA>
    <DEFECTCODE>6031</DEFECTCODE>
    <DESCRIPTION>Se omitió el valor devuelto: 'math::float3::FromSphericalCoordinates'.</DESCRIPTION>
    <FUNCTION>math::float3::FromSphericalCoordinates</FUNCTION>
    <DECORATED>?FromSphericalCoordinates@float3@math@@SA?AV12@ABV12@@Z</DECORATED>
    <FUNCLINE>299</FUNCLINE>
    <PATH></PATH>
  </DEFECT>
  <DEFECT>
    <SFA>
      <FILEPATH>d:\github\sag-engine\mathgeolib\include\math\</FILEPATH>
      <FILENAME>float3.h</FILENAME>
      <LINE>415</LINE>
      <COLUMN>75</COLUMN>
    </SFA>
    <DEFECTCODE>6031</DEFECTCODE>
    <DESCRIPTION>Se omitió el valor devuelto: 'math::float3::FromString'.</DESCRIPTION>
    <FUNCTION>math::float3::FromString</FUNCTION>
    <DECORATED>?FromString@float3@math@@SA?AV12@ABV?$basic_string@DU?$char_traits@D@std@@V?$allocator@D@2@@std@@@Z</DECORATED>
    <FUNCLINE>415</FUNCLINE>
    <PATH></PATH>
  </DEFECT>
  <DEFECT>
    <SFA>
      <FILEPATH>d:\github\sag-engine\mathgeolib\include\math\</FILEPATH>
      <FILENAME>float2.h</FILENAME>
      <LINE>59</LINE>
      <COLUMN>1</COLUMN>
    </SFA>
    <DEFECTCODE>26495</DEFECTCODE>
    <DESCRIPTION>Variable 'math::float2::x' is uninitialized. Always initialize a member variable (type.6).</DESCRIPTION>
    <FUNCTION>math::float2::{ctor}</FUNCTION>
    <DECORATED>??0float2@math@@QAE@XZ</DECORATED>
    <FUNCLINE>59</FUNCLINE>
    <PATH></PATH>
  </DEFECT>
  <DEFECT>
    <SFA>
      <FILEPATH>d:\github\sag-engine\mathgeolib\include\math\</FILEPATH>
      <FILENAME>float2.h</FILENAME>
      <LINE>59</LINE>
      <COLUMN>1</COLUMN>
    </SFA>
    <DEFECTCODE>26495</DEFECTCODE>
    <DESCRIPTION>Variable 'math::float2::y' is uninitialized. Always initialize a member variable (type.6).</DESCRIPTION>
    <FUNCTION>math::float2::{ctor}</FUNCTION>
    <DECORATED>??0float2@math@@QAE@XZ</DECORATED>
    <FUNCLINE>59</FUNCLINE>
    <PATH></PATH>
  </DEFECT>
  <DEFECT>
    <SFA>
      <FILEPATH>d:\github\sag-engine\mathgeolib\include\geometry\</FILEPATH>
      <FILENAME>capsule.h</FILENAME>
      <LINE>39</LINE>
      <COLUMN>1</COLUMN>
    </SFA>
    <DEFECTCODE>26495</DEFECTCODE>
    <DESCRIPTION>Variable 'math::Capsule::r' is uninitialized. Always initialize a member variable (type.6).</DESCRIPTION>
    <FUNCTION>math::Capsule::{ctor}</FUNCTION>
    <DECORATED>??0Capsule@math@@QAE@XZ</DECORATED>
    <FUNCLINE>39</FUNCLINE>
    <PATH></PATH>
  </DEFECT>
  <DEFECT>
    <SFA>
      <FILEPATH>d:\github\sag-engine\mathgeolib\include\geometry\</FILEPATH>
      <FILENAME>cylinder.h</FILENAME>
      <LINE>39</LINE>
      <COLUMN>1</COLUMN>
    </SFA>
    <DEFECTCODE>26495</DEFECTCODE>
    <DESCRIPTION>Variable 'math::Cylinder::r' is uninitialized. Always initialize a member variable (type.6).</DESCRIPTION>
    <FUNCTION>math::Cylinder::{ctor}</FUNCTION>
    <DECORATED>??0Cylinder@math@@QAE@XZ</DECORATED>
    <FUNCLINE>39</FUNCLINE>
    <PATH></PATH>
  </DEFECT>
  <DEFECT>
    <SFA>
      <FILEPATH>d:\github\sag-engine\mathgeolib\include\geometry\</FILEPATH>
      <FILENAME>cone.h</FILENAME>
      <LINE>39</LINE>
      <COLUMN>1</COLUMN>
    </SFA>
    <DEFECTCODE>26495</DEFECTCODE>
    <DESCRIPTION>Variable 'math::Cone::r' is uninitialized. Always initialize a member variable (type.6).</DESCRIPTION>
    <FUNCTION>math::Cone::{ctor}</FUNCTION>
    <DECORATED>??0Cone@math@@QAE@XZ</DECORATED>
    <FUNCLINE>39</FUNCLINE>
    <PATH></PATH>
  </DEFECT>
  <DEFECT>
    <SFA>
      <FILEPATH>d:\github\sag-engine\mathgeolib\include\geometry\</FILEPATH>
      <FILENAME>circle.h</FILENAME>
      <LINE>53</LINE>
      <COLUMN>1</COLUMN>
    </SFA>
    <DEFECTCODE>26495</DEFECTCODE>
    <DESCRIPTION>Variable 'math::Circle::r' is uninitialized. Always initialize a member variable (type.6).</DESCRIPTION>
    <FUNCTION>math::Circle::{ctor}</FUNCTION>
    <DECORATED>??0Circle@math@@QAE@XZ</DECORATED>
    <FUNCLINE>53</FUNCLINE>
    <PATH></PATH>
  </DEFECT>
  <DEFECT>
    <SFA>
      <FILEPATH>d:\github\sag-engine\mathgeolib\include\geometry\</FILEPATH>
      <FILENAME>frustum.h</FILENAME>
      <LINE>95</LINE>
      <COLUMN>1</COLUMN>
    </SFA>
    <DEFECTCODE>26495</DEFECTCODE>
    <DESCRIPTION>Variable 'math::Frustum::type' is uninitialized. Always initialize a member variable (type.6).</DESCRIPTION>
    <FUNCTION>math::Frustum::{ctor}</FUNCTION>
    <DECORATED>??0Frustum@math@@QAE@XZ</DECORATED>
    <FUNCLINE>95</FUNCLINE>
    <PATH></PATH>
  </DEFECT>
  <DEFECT>
    <SFA>
      <FILEPATH>d:\github\sag-engine\mathgeolib\include\geometry\</FILEPATH>
      <FILENAME>frustum.h</FILENAME>
      <LINE>95</LINE>
      <COLUMN>1</COLUMN>
    </SFA>
    <DEFECTCODE>26495</DEFECTCODE>
    <DESCRIPTION>Variable 'math::Frustum::&lt;anonymous-tag&gt;::orthographicWidth' is uninitialized. Always initialize a member variable (type.6).</DESCRIPTION>
    <FUNCTION>math::Frustum::{ctor}</FUNCTION>
    <DECORATED>??0Frustum@math@@QAE@XZ</DECORATED>
    <FUNCLINE>95</FUNCLINE>
    <PATH></PATH>
  </DEFECT>
  <DEFECT>
    <SFA>
      <FILEPATH>d:\github\sag-engine\mathgeolib\include\geometry\</FILEPATH>
      <FILENAME>frustum.h</FILENAME>
      <LINE>95</LINE>
      <COLUMN>1</COLUMN>
    </SFA>
    <DEFECTCODE>26495</DEFECTCODE>
    <DESCRIPTION>Variable 'math::Frustum::&lt;anonymous-tag&gt;::horizontalFov' is uninitialized. Always initialize a member variable (type.6).</DESCRIPTION>
    <FUNCTION>math::Frustum::{ctor}</FUNCTION>
    <DECORATED>??0Frustum@math@@QAE@XZ</DECORATED>
    <FUNCLINE>95</FUNCLINE>
    <PATH></PATH>
  </DEFECT>
  <DEFECT>
    <SFA>
      <FILEPATH>d:\github\sag-engine\mathgeolib\include\geometry\</FILEPATH>
      <FILENAME>frustum.h</FILENAME>
      <LINE>95</LINE>
      <COLUMN>1</COLUMN>
    </SFA>
    <DEFECTCODE>26495</DEFECTCODE>
    <DESCRIPTION>Variable 'math::Frustum::farPlaneDistance' is uninitialized. Always initialize a member variable (type.6).</DESCRIPTION>
    <FUNCTION>math::Frustum::{ctor}</FUNCTION>
    <DECORATED>??0Frustum@math@@QAE@XZ</DECORATED>
    <FUNCLINE>95</FUNCLINE>
    <PATH></PATH>
  </DEFECT>
  <DEFECT>
    <SFA>
      <FILEPATH>d:\github\sag-engine\mathgeolib\include\geometry\</FILEPATH>
      <FILENAME>frustum.h</FILENAME>
      <LINE>95</LINE>
      <COLUMN>1</COLUMN>
    </SFA>
    <DEFECTCODE>26495</DEFECTCODE>
    <DESCRIPTION>Variable 'math::Frustum::nearPlaneDistance' is uninitialized. Always initialize a member variable (type.6).</DESCRIPTION>
    <FUNCTION>math::Frustum::{ctor}</FUNCTION>
    <DECORATED>??0Frustum@math@@QAE@XZ</DECORATED>
    <FUNCLINE>95</FUNCLINE>
    <PATH></PATH>
  </DEFECT>
  <DEFECT>
    <SFA>
      <FILEPATH>d:\github\sag-engine\mathgeolib\include\geometry\</FILEPATH>
      <FILENAME>frustum.h</FILENAME>
      <LINE>95</LINE>
      <COLUMN>1</COLUMN>
    </SFA>
    <DEFECTCODE>26495</DEFECTCODE>
    <DESCRIPTION>Variable 'math::Frustum::&lt;anonymous-tag&gt;::orthographicHeight' is uninitialized. Always initialize a member variable (type.6).</DESCRIPTION>
    <FUNCTION>math::Frustum::{ctor}</FUNCTION>
    <DECORATED>??0Frustum@math@@QAE@XZ</DECORATED>
    <FUNCLINE>95</FUNCLINE>
    <PATH></PATH>
  </DEFECT>
  <DEFECT>
    <SFA>
      <FILEPATH>d:\github\sag-engine\mathgeolib\include\geometry\</FILEPATH>
      <FILENAME>frustum.h</FILENAME>
      <LINE>95</LINE>
      <COLUMN>1</COLUMN>
    </SFA>
    <DEFECTCODE>26495</DEFECTCODE>
    <DESCRIPTION>Variable 'math::Frustum::&lt;anonymous-tag&gt;::verticalFov' is uninitialized. Always initialize a member variable (type.6).</DESCRIPTION>
    <FUNCTION>math::Frustum::{ctor}</FUNCTION>
    <DECORATED>??0Frustum@math@@QAE@XZ</DECORATED>
    <FUNCLINE>95</FUNCLINE>
    <PATH></PATH>
  </DEFECT>
  <DEFECT>
    <SFA>
      <FILEPATH>d:\github\sag-engine\mathgeolib\include\geometry\</FILEPATH>
      <FILENAME>obb.h</FILENAME>
      <LINE>55</LINE>
      <COLUMN>1</COLUMN>
    </SFA>
    <DEFECTCODE>26495</DEFECTCODE>
    <DESCRIPTION>Variable 'math::OBB::axis' is uninitialized. Always initialize a member variable (type.6).</DESCRIPTION>
    <FUNCTION>math::OBB::{ctor}</FUNCTION>
    <DECORATED>??0OBB@math@@QAE@XZ</DECORATED>
    <FUNCLINE>55</FUNCLINE>
    <PATH></PATH>
  </DEFECT>
  <DEFECT>
    <SFA>
      <FILEPATH>d:\github\sag-engine\mathgeolib\include\geometry\</FILEPATH>
      <FILENAME>plane.h</FILENAME>
      <LINE>52</LINE>
      <COLUMN>1</COLUMN>
    </SFA>
    <DEFECTCODE>26495</DEFECTCODE>
    <DESCRIPTION>Variable 'math::Plane::d' is uninitialized. Always initialize a member variable (type.6).</DESCRIPTION>
    <FUNCTION>math::Plane::{ctor}</FUNCTION>
    <DECORATED>??0Plane@math@@QAE@XZ</DECORATED>
    <FUNCLINE>52</FUNCLINE>
    <PATH></PATH>
  </DEFECT>
  <DEFECT>
    <SFA>
      <FILEPATH>d:\github\sag-engine\mathgeolib\include\geometry\</FILEPATH>
      <FILENAME>sphere.h</FILENAME>
      <LINE>39</LINE>
      <COLUMN>1</COLUMN>
    </SFA>
    <DEFECTCODE>26495</DEFECTCODE>
    <DESCRIPTION>Variable 'math::Sphere::r' is uninitialized. Always initialize a member variable (type.6).</DESCRIPTION>
    <FUNCTION>math::Sphere::{ctor}</FUNCTION>
    <DECORATED>??0Sphere@math@@QAE@XZ</DECORATED>
    <FUNCLINE>39</FUNCLINE>
    <PATH></PATH>
  </DEFECT>
  <DEFECT>
    <SFA>
      <FILEPATH>d:\github\sag-engine\mathgeolib\include\math\</FILEPATH>
      <FILENAME>bitops.h</FILENAME>
      <LINE>102</LINE>
      <COLUMN>20</COLUMN>
    </SFA>
    <DEFECTCODE>26451</DEFECTCODE>
    <DESCRIPTION>Arithmetic overflow: Using operator '-' on a 4 byte value and then casting the result to a 8 byte value. Cast the value to the wider type before calling operator '-' to avoid overflow (io.2).</DESCRIPTION>
    <FUNCTION>math::LSB64</FUNCTION>
    <DECORATED>?LSB64@math@@YA_K_K@Z</DECORATED>
    <FUNCLINE>97</FUNCLINE>
    <PATH></PATH>
  </DEFECT>
  <DEFECT>
    <SFA>
      <FILEPATH>d:\github\sag-engine\mathgeolib\include\math\</FILEPATH>
      <FILENAME>bitops.h</FILENAME>
      <LINE>102</LINE>
      <COLUMN>11</COLUMN>
    </SFA>
    <DEFECTCODE>26451</DEFECTCODE>
    <DESCRIPTION>Arithmetic overflow: Using operator '&lt;&lt;' on a 4 byte value and then casting the result to a 8 byte value. Cast the value to the wider type before calling operator '&lt;&lt;' to avoid overflow (io.2).</DESCRIPTION>
    <FUNCTION>math::LSB64</FUNCTION>
    <DECORATED>?LSB64@math@@YA_K_K@Z</DECORATED>
    <FUNCLINE>97</FUNCLINE>
    <PATH></PATH>
  </DEFECT>
  <DEFECT>
    <SFA>
      <FILEPATH>d:\github\sag-engine\mathgeolib\include\math\</FILEPATH>
      <FILENAME>complex.h</FILENAME>
      <LINE>27</LINE>
      <COLUMN>1</COLUMN>
    </SFA>
    <DEFECTCODE>26495</DEFECTCODE>
    <DESCRIPTION>Variable 'math::Complex::i' is uninitialized. Always initialize a member variable (type.6).</DESCRIPTION>
    <FUNCTION>math::Complex::{ctor}</FUNCTION>
    <DECORATED>??0Complex@math@@QAE@XZ</DECORATED>
    <FUNCLINE>27</FUNCLINE>
    <PATH></PATH>
  </DEFECT>
  <DEFECT>
    <SFA>
      <FILEPATH>d:\github\sag-engine\mathgeolib\include\math\</FILEPATH>
      <FILENAME>complex.h</FILENAME>
      <LINE>27</LINE>
      <COLUMN>1</COLUMN>
    </SFA>
    <DEFECTCODE>26495</DEFECTCODE>
    <DESCRIPTION>Variable 'math::Complex::r' is uninitialized. Always initialize a member variable (type.6).</DESCRIPTION>
    <FUNCTION>math::Complex::{ctor}</FUNCTION>
    <DECORATED>??0Complex@math@@QAE@XZ</DECORATED>
    <FUNCLINE>27</FUNCLINE>
    <PATH></PATH>
  </DEFECT>
  <DEFECT>
    <SFA>
      <FILEPATH>d:\github\sag-engine\mathgeolib\include\math\</FILEPATH>
      <FILENAME>float3x3.h</FILENAME>
      <LINE>100</LINE>
      <COLUMN>1</COLUMN>
    </SFA>
    <DEFECTCODE>26495</DEFECTCODE>
    <DESCRIPTION>Variable 'math::float3x3::v' is uninitialized. Always initialize a member variable (type.6).</DESCRIPTION>
    <FUNCTION>math::float3x3::{ctor}</FUNCTION>
    <DECORATED>??0float3x3@math@@QAE@XZ</DECORATED>
    <FUNCLINE>100</FUNCLINE>
    <PATH></PATH>
  </DEFECT>
  <DEFECT>
    <SFA>
      <FILEPATH>d:\github\sag-engine\mathgeolib\include\math\</FILEPATH>
      <FILENAME>float3x4.h</FILENAME>
      <LINE>101</LINE>
      <COLUMN>1</COLUMN>
    </SFA>
    <DEFECTCODE>26495</DEFECTCODE>
    <DESCRIPTION>Variable 'math::float3x4::v' is uninitialized. Always initialize a member variable (type.6).</DESCRIPTION>
    <FUNCTION>math::float3x4::{ctor}</FUNCTION>
    <DECORATED>??0float3x4@math@@QAE@XZ</DECORATED>
    <FUNCLINE>101</FUNCLINE>
    <PATH></PATH>
  </DEFECT>
  <DEFECT>
    <SFA>
      <FILEPATH>d:\github\sag-engine\mathgeolib\include\math\</FILEPATH>
      <FILENAME>float4x4.h</FILENAME>
      <LINE>113</LINE>
      <COLUMN>1</COLUMN>
    </SFA>
    <DEFECTCODE>26495</DEFECTCODE>
    <DESCRIPTION>Variable 'math::float4x4::v' is uninitialized. Always initialize a member variable (type.6).</DESCRIPTION>
    <FUNCTION>math::float4x4::{ctor}</FUNCTION>
    <DECORATED>??0float4x4@math@@QAE@XZ</DECORATED>
    <FUNCLINE>113</FUNCLINE>
    <PATH></PATH>
  </DEFECT>
  <DEFECT>
    <SFA>
      <FILEPATH>d:\github\sag-engine\mathgeolib\include\math\</FILEPATH>
      <FILENAME>float4.h</FILENAME>
      <LINE>83</LINE>
      <COLUMN>1</COLUMN>
    </SFA>
    <DEFECTCODE>26495</DEFECTCODE>
    <DESCRIPTION>Variable 'math::float4::x' is uninitialized. Always initialize a member variable (type.6).</DESCRIPTION>
    <FUNCTION>math::float4::{ctor}</FUNCTION>
    <DECORATED>??0float4@math@@QAE@XZ</DECORATED>
    <FUNCLINE>83</FUNCLINE>
    <PATH></PATH>
  </DEFECT>
  <DEFECT>
    <SFA>
      <FILEPATH>d:\github\sag-engine\mathgeolib\include\math\</FILEPATH>
      <FILENAME>float4.h</FILENAME>
      <LINE>83</LINE>
      <COLUMN>1</COLUMN>
    </SFA>
    <DEFECTCODE>26495</DEFECTCODE>
    <DESCRIPTION>Variable 'math::float4::w' is uninitialized. Always initialize a member variable (type.6).</DESCRIPTION>
    <FUNCTION>math::float4::{ctor}</FUNCTION>
    <DECORATED>??0float4@math@@QAE@XZ</DECORATED>
    <FUNCLINE>83</FUNCLINE>
    <PATH></PATH>
  </DEFECT>
  <DEFECT>
    <SFA>
      <FILEPATH>d:\github\sag-engine\mathgeolib\include\math\</FILEPATH>
      <FILENAME>float4.h</FILENAME>
      <LINE>83</LINE>
      <COLUMN>1</COLUMN>
    </SFA>
    <DEFECTCODE>26495</DEFECTCODE>
    <DESCRIPTION>Variable 'math::float4::z' is uninitialized. Always initialize a member variable (type.6).</DESCRIPTION>
    <FUNCTION>math::float4::{ctor}</FUNCTION>
    <DECORATED>??0float4@math@@QAE@XZ</DECORATED>
    <FUNCLINE>83</FUNCLINE>
    <PATH></PATH>
  </DEFECT>
  <DEFECT>
    <SFA>
      <FILEPATH>d:\github\sag-engine\mathgeolib\include\math\</FILEPATH>
      <FILENAME>float4.h</FILENAME>
      <LINE>83</LINE>
      <COLUMN>1</COLUMN>
    </SFA>
    <DEFECTCODE>26495</DEFECTCODE>
    <DESCRIPTION>Variable 'math::float4::y' is uninitialized. Always initialize a member variable (type.6).</DESCRIPTION>
    <FUNCTION>math::float4::{ctor}</FUNCTION>
    <DECORATED>??0float4@math@@QAE@XZ</DECORATED>
    <FUNCLINE>83</FUNCLINE>
    <PATH></PATH>
  </DEFECT>
  <DEFECT>
    <SFA>
      <FILEPATH>d:\github\sag-engine\mathgeolib\include\math\</FILEPATH>
      <FILENAME>quat.h</FILENAME>
      <LINE>77</LINE>
      <COLUMN>1</COLUMN>
    </SFA>
    <DEFECTCODE>26495</DEFECTCODE>
    <DESCRIPTION>Variable 'math::Quat::y' is uninitialized. Always initialize a member variable (type.6).</DESCRIPTION>
    <FUNCTION>math::Quat::{ctor}</FUNCTION>
    <DECORATED>??0Quat@math@@QAE@XZ</DECORATED>
    <FUNCLINE>77</FUNCLINE>
    <PATH></PATH>
  </DEFECT>
  <DEFECT>
    <SFA>
      <FILEPATH>d:\github\sag-engine\mathgeolib\include\math\</FILEPATH>
      <FILENAME>quat.h</FILENAME>
      <LINE>77</LINE>
      <COLUMN>1</COLUMN>
    </SFA>
    <DEFECTCODE>26495</DEFECTCODE>
    <DESCRIPTION>Variable 'math::Quat::z' is uninitialized. Always initialize a member variable (type.6).</DESCRIPTION>
    <FUNCTION>math::Quat::{ctor}</FUNCTION>
    <DECORATED>??0Quat@math@@QAE@XZ</DECORATED>
    <FUNCLINE>77</FUNCLINE>
    <PATH></PATH>
  </DEFECT>
  <DEFECT>
    <SFA>
      <FILEPATH>d:\github\sag-engine\mathgeolib\include\math\</FILEPATH>
      <FILENAME>quat.h</FILENAME>
      <LINE>77</LINE>
      <COLUMN>1</COLUMN>
    </SFA>
    <DEFECTCODE>26495</DEFECTCODE>
    <DESCRIPTION>Variable 'math::Quat::w' is uninitialized. Always initialize a member variable (type.6).</DESCRIPTION>
    <FUNCTION>math::Quat::{ctor}</FUNCTION>
    <DECORATED>??0Quat@math@@QAE@XZ</DECORATED>
    <FUNCLINE>77</FUNCLINE>
    <PATH></PATH>
  </DEFECT>
  <DEFECT>
    <SFA>
      <FILEPATH>d:\github\sag-engine\mathgeolib\include\math\</FILEPATH>
      <FILENAME>quat.h</FILENAME>
      <LINE>77</LINE>
      <COLUMN>1</COLUMN>
    </SFA>
    <DEFECTCODE>26495</DEFECTCODE>
    <DESCRIPTION>Variable 'math::Quat::x' is uninitialized. Always initialize a member variable (type.6).</DESCRIPTION>
    <FUNCTION>math::Quat::{ctor}</FUNCTION>
    <DECORATED>??0Quat@math@@QAE@XZ</DECORATED>
    <FUNCLINE>77</FUNCLINE>
    <PATH></PATH>
  </DEFECT>
  <DEFECT>
    <SFA>
      <FILEPATH>d:\github\sag-engine\mathgeolib\include\math\</FILEPATH>
      <FILENAME>quat.h</FILENAME>
      <LINE>343</LINE>
      <COLUMN>73</COLUMN>
    </SFA>
    <DEFECTCODE>6031</DEFECTCODE>
    <DESCRIPTION>Se omitió el valor devuelto: 'math::Quat::FromString'.</DESCRIPTION>
    <FUNCTION>math::Quat::FromString</FUNCTION>
    <DECORATED>?FromString@Quat@math@@SA?AV12@ABV?$basic_string@DU?$char_traits@D@std@@V?$allocator@D@2@@std@@@Z</DECORATED>
    <FUNCLINE>343</FUNCLINE>
    <PATH></PATH>
  </DEFECT>
  <DEFECT>
    <SFA>
      <FILEPATH>d:\github\sag-engine\mathgeolib\include\math\</FILEPATH>
      <FILENAME>transformops.h</FILENAME>
      <LINE>39</LINE>
      <COLUMN>1</COLUMN>
    </SFA>
    <DEFECTCODE>26495</DEFECTCODE>
    <DESCRIPTION>Variable 'math::TranslateOp::z' is uninitialized. Always initialize a member variable (type.6).</DESCRIPTION>
    <FUNCTION>math::TranslateOp::{ctor}</FUNCTION>
    <DECORATED>??0TranslateOp@math@@QAE@XZ</DECORATED>
    <FUNCLINE>39</FUNCLINE>
    <PATH></PATH>
  </DEFECT>
  <DEFECT>
    <SFA>
      <FILEPATH>d:\github\sag-engine\mathgeolib\include\math\</FILEPATH>
      <FILENAME>transformops.h</FILENAME>
      <LINE>39</LINE>
      <COLUMN>1</COLUMN>
    </SFA>
    <DEFECTCODE>26495</DEFECTCODE>
    <DESCRIPTION>Variable 'math::TranslateOp::y' is uninitialized. Always initialize a member variable (type.6).</DESCRIPTION>
    <FUNCTION>math::TranslateOp::{ctor}</FUNCTION>
    <DECORATED>??0TranslateOp@math@@QAE@XZ</DECORATED>
    <FUNCLINE>39</FUNCLINE>
    <PATH></PATH>
  </DEFECT>
  <DEFECT>
    <SFA>
      <FILEPATH>d:\github\sag-engine\mathgeolib\include\math\</FILEPATH>
      <FILENAME>transformops.h</FILENAME>
      <LINE>39</LINE>
      <COLUMN>1</COLUMN>
    </SFA>
    <DEFECTCODE>26495</DEFECTCODE>
    <DESCRIPTION>Variable 'math::TranslateOp::x' is uninitialized. Always initialize a member variable (type.6).</DESCRIPTION>
    <FUNCTION>math::TranslateOp::{ctor}</FUNCTION>
    <DECORATED>??0TranslateOp@math@@QAE@XZ</DECORATED>
    <FUNCLINE>39</FUNCLINE>
    <PATH></PATH>
  </DEFECT>
  <DEFECT>
    <SFA>
      <FILEPATH>d:\github\sag-engine\mathgeolib\include\math\</FILEPATH>
      <FILENAME>transformops.h</FILENAME>
      <LINE>78</LINE>
      <COLUMN>1</COLUMN>
    </SFA>
    <DEFECTCODE>26495</DEFECTCODE>
    <DESCRIPTION>Variable 'math::ScaleOp::x' is uninitialized. Always initialize a member variable (type.6).</DESCRIPTION>
    <FUNCTION>math::ScaleOp::{ctor}</FUNCTION>
    <DECORATED>??0ScaleOp@math@@QAE@XZ</DECORATED>
    <FUNCLINE>78</FUNCLINE>
    <PATH></PATH>
  </DEFECT>
  <DEFECT>
    <SFA>
      <FILEPATH>d:\github\sag-engine\mathgeolib\include\math\</FILEPATH>
      <FILENAME>transformops.h</FILENAME>
      <LINE>78</LINE>
      <COLUMN>1</COLUMN>
    </SFA>
    <DEFECTCODE>26495</DEFECTCODE>
    <DESCRIPTION>Variable 'math::ScaleOp::z' is uninitialized. Always initialize a member variable (type.6).</DESCRIPTION>
    <FUNCTION>math::ScaleOp::{ctor}</FUNCTION>
    <DECORATED>??0ScaleOp@math@@QAE@XZ</DECORATED>
    <FUNCLINE>78</FUNCLINE>
    <PATH></PATH>
  </DEFECT>
  <DEFECT>
    <SFA>
      <FILEPATH>d:\github\sag-engine\mathgeolib\include\math\</FILEPATH>
      <FILENAME>transformops.h</FILENAME>
      <LINE>78</LINE>
      <COLUMN>1</COLUMN>
    </SFA>
    <DEFECTCODE>26495</DEFECTCODE>
    <DESCRIPTION>Variable 'math::ScaleOp::y' is uninitialized. Always initialize a member variable (type.6).</DESCRIPTION>
    <FUNCTION>math::ScaleOp::{ctor}</FUNCTION>
    <DECORATED>??0ScaleOp@math@@QAE@XZ</DECORATED>
    <FUNCLINE>78</FUNCLINE>
    <PATH></PATH>
  </DEFECT>
  <DEFECT>
    <SFA>
      <FILEPATH>d:\github\sag-engine\mathgeolib\include\algorithm\random\</FILEPATH>
      <FILENAME>lcg.h</FILENAME>
      <LINE>69</LINE>
      <COLUMN>1</COLUMN>
    </SFA>
    <DEFECTCODE>26495</DEFECTCODE>
    <DESCRIPTION>Variable 'math::LCG::multiplier' is uninitialized. Always initialize a member variable (type.6).</DESCRIPTION>
    <FUNCTION>math::LCG::{ctor}</FUNCTION>
    <DECORATED>??0LCG@math@@QAE@IIII@Z</DECORATED>
    <FUNCLINE>69</FUNCLINE>
    <PATH></PATH>
  </DEFECT>
  <DEFECT>
    <SFA>
      <FILEPATH>d:\github\sag-engine\mathgeolib\include\algorithm\random\</FILEPATH>
      <FILENAME>lcg.h</FILENAME>
      <LINE>69</LINE>
      <COLUMN>1</COLUMN>
    </SFA>
    <DEFECTCODE>26495</DEFECTCODE>
    <DESCRIPTION>Variable 'math::LCG::modulus' is uninitialized. Always initialize a member variable (type.6).</DESCRIPTION>
    <FUNCTION>math::LCG::{ctor}</FUNCTION>
    <DECORATED>??0LCG@math@@QAE@IIII@Z</DECORATED>
    <FUNCLINE>69</FUNCLINE>
    <PATH></PATH>
  </DEFECT>
  <DEFECT>
    <SFA>
      <FILEPATH>d:\github\sag-engine\mathgeolib\include\algorithm\random\</FILEPATH>
      <FILENAME>lcg.h</FILENAME>
      <LINE>69</LINE>
      <COLUMN>1</COLUMN>
    </SFA>
    <DEFECTCODE>26495</DEFECTCODE>
    <DESCRIPTION>Variable 'math::LCG::lastNumber' is uninitialized. Always initialize a member variable (type.6).</DESCRIPTION>
    <FUNCTION>math::LCG::{ctor}</FUNCTION>
    <DECORATED>??0LCG@math@@QAE@IIII@Z</DECORATED>
    <FUNCLINE>69</FUNCLINE>
    <PATH></PATH>
  </DEFECT>
  <DEFECT>
    <SFA>
      <FILEPATH>d:\github\sag-engine\mathgeolib\include\algorithm\random\</FILEPATH>
      <FILENAME>lcg.h</FILENAME>
      <LINE>69</LINE>
      <COLUMN>1</COLUMN>
    </SFA>
    <DEFECTCODE>26495</DEFECTCODE>
    <DESCRIPTION>Variable 'math::LCG::increment' is uninitialized. Always initialize a member variable (type.6).</DESCRIPTION>
    <FUNCTION>math::LCG::{ctor}</FUNCTION>
    <DECORATED>??0LCG@math@@QAE@IIII@Z</DECORATED>
    <FUNCLINE>69</FUNCLINE>
    <PATH></PATH>
  </DEFECT>
  <DEFECT>
    <SFA>
      <FILEPATH>d:\github\sag-engine\imgui\</FILEPATH>
      <FILENAME>imgui.h</FILENAME>
      <LINE>1515</LINE>
      <COLUMN>8</COLUMN>
    </SFA>
    <DEFECTCODE>26495</DEFECTCODE>
    <DESCRIPTION>Variable 'ImGuiStorage::Pair::&lt;anonymous-tag&gt;::val_f' is uninitialized. Always initialize a member variable (type.6).</DESCRIPTION>
    <FUNCTION>ImGuiStorage::Pair::{ctor}</FUNCTION>
    <DECORATED>??0Pair@ImGuiStorage@@QAE@IH@Z</DECORATED>
    <FUNCLINE>1515</FUNCLINE>
    <PATH></PATH>
  </DEFECT>
  <DEFECT>
    <SFA>
      <FILEPATH>d:\github\sag-engine\imgui\</FILEPATH>
      <FILENAME>imgui.h</FILENAME>
      <LINE>1515</LINE>
      <COLUMN>8</COLUMN>
    </SFA>
    <DEFECTCODE>26495</DEFECTCODE>
    <DESCRIPTION>Variable 'ImGuiStorage::Pair::&lt;anonymous-tag&gt;::val_p' is uninitialized. Always initialize a member variable (type.6).</DESCRIPTION>
    <FUNCTION>ImGuiStorage::Pair::{ctor}</FUNCTION>
    <DECORATED>??0Pair@ImGuiStorage@@QAE@IH@Z</DECORATED>
    <FUNCLINE>1515</FUNCLINE>
    <PATH></PATH>
  </DEFECT>
  <DEFECT>
    <SFA>
      <FILEPATH>d:\github\sag-engine\imgui\</FILEPATH>
      <FILENAME>imgui.h</FILENAME>
      <LINE>1516</LINE>
      <COLUMN>8</COLUMN>
    </SFA>
    <DEFECTCODE>26495</DEFECTCODE>
    <DESCRIPTION>Variable 'ImGuiStorage::Pair::&lt;anonymous-tag&gt;::val_i' is uninitialized. Always initialize a member variable (type.6).</DESCRIPTION>
    <FUNCTION>ImGuiStorage::Pair::{ctor}</FUNCTION>
    <DECORATED>??0Pair@ImGuiStorage@@QAE@IM@Z</DECORATED>
    <FUNCLINE>1516</FUNCLINE>
    <PATH></PATH>
  </DEFECT>
  <DEFECT>
    <SFA>
      <FILEPATH>d:\github\sag-engine\imgui\</FILEPATH>
      <FILENAME>imgui.h</FILENAME>
      <LINE>1516</LINE>
      <COLUMN>8</COLUMN>
    </SFA>
    <DEFECTCODE>26495</DEFECTCODE>
    <DESCRIPTION>Variable 'ImGuiStorage::Pair::&lt;anonymous-tag&gt;::val_p' is uninitialized. Always initialize a member variable (type.6).</DESCRIPTION>
    <FUNCTION>ImGuiStorage::Pair::{ctor}</FUNCTION>
    <DECORATED>??0Pair@ImGuiStorage@@QAE@IM@Z</DECORATED>
    <FUNCLINE>1516</FUNCLINE>
    <PATH></PATH>
  </DEFECT>
  <DEFECT>
    <SFA>
      <FILEPATH>d:\github\sag-engine\imgui\</FILEPATH>
      <FILENAME>imgui.h</FILENAME>
      <LINE>1517</LINE>
      <COLUMN>8</COLUMN>
    </SFA>
    <DEFECTCODE>26495</DEFECTCODE>
    <DESCRIPTION>Variable 'ImGuiStorage::Pair::&lt;anonymous-tag&gt;::val_i' is uninitialized. Always initialize a member variable (type.6).</DESCRIPTION>
    <FUNCTION>ImGuiStorage::Pair::{ctor}</FUNCTION>
    <DECORATED>??0Pair@ImGuiStorage@@QAE@IPAX@Z</DECORATED>
    <FUNCLINE>1517</FUNCLINE>
    <PATH></PATH>
  </DEFECT>
  <DEFECT>
    <SFA>
      <FILEPATH>d:\github\sag-engine\imgui\</FILEPATH>
      <FILENAME>imgui.h</FILENAME>
      <LINE>1517</LINE>
      <COLUMN>8</COLUMN>
    </SFA>
    <DEFECTCODE>26495</DEFECTCODE>
    <DESCRIPTION>Variable 'ImGuiStorage::Pair::&lt;anonymous-tag&gt;::val_f' is uninitialized. Always initialize a member variable (type.6).</DESCRIPTION>
    <FUNCTION>ImGuiStorage::Pair::{ctor}</FUNCTION>
    <DECORATED>??0Pair@ImGuiStorage@@QAE@IPAX@Z</DECORATED>
    <FUNCLINE>1517</FUNCLINE>
    <PATH></PATH>
  </DEFECT>
  <DEFECT>
    <SFA>
      <FILEPATH>d:\github\sag-engine\imgui\</FILEPATH>
      <FILENAME>imgui.h</FILENAME>
      <LINE>1625</LINE>
      <COLUMN>4</COLUMN>
    </SFA>
    <DEFECTCODE>26495</DEFECTCODE>
    <DESCRIPTION>Variable 'ImGuiPayload::DataType' is uninitialized. Always initialize a member variable (type.6).</DESCRIPTION>
    <FUNCTION>ImGuiPayload::{ctor}</FUNCTION>
    <DECORATED>??0ImGuiPayload@@QAE@XZ</DECORATED>
    <FUNCLINE>1625</FUNCLINE>
    <PATH></PATH>
  </DEFECT>
  <DEFECT>
    <SFA>
      <FILEPATH>d:\github\sag-engine\imgui\</FILEPATH>
      <FILENAME>imgui.h</FILENAME>
      <LINE>1625</LINE>
      <COLUMN>4</COLUMN>
    </SFA>
    <DEFECTCODE>26495</DEFECTCODE>
    <DESCRIPTION>Variable 'ImGuiPayload::Data' is uninitialized. Always initialize a member variable (type.6).</DESCRIPTION>
    <FUNCTION>ImGuiPayload::{ctor}</FUNCTION>
    <DECORATED>??0ImGuiPayload@@QAE@XZ</DECORATED>
    <FUNCLINE>1625</FUNCLINE>
    <PATH></PATH>
  </DEFECT>
  <DEFECT>
    <SFA>
      <FILEPATH>d:\github\sag-engine\imgui\</FILEPATH>
      <FILENAME>imgui.h</FILENAME>
      <LINE>1625</LINE>
      <COLUMN>4</COLUMN>
    </SFA>
    <DEFECTCODE>26495</DEFECTCODE>
    <DESCRIPTION>Variable 'ImGuiPayload::SourceId' is uninitialized. Always initialize a member variable (type.6).</DESCRIPTION>
    <FUNCTION>ImGuiPayload::{ctor}</FUNCTION>
    <DECORATED>??0ImGuiPayload@@QAE@XZ</DECORATED>
    <FUNCLINE>1625</FUNCLINE>
    <PATH></PATH>
  </DEFECT>
  <DEFECT>
    <SFA>
      <FILEPATH>d:\github\sag-engine\imgui\</FILEPATH>
      <FILENAME>imgui.h</FILENAME>
      <LINE>1625</LINE>
      <COLUMN>4</COLUMN>
    </SFA>
    <DEFECTCODE>26495</DEFECTCODE>
    <DESCRIPTION>Variable 'ImGuiPayload::DataSize' is uninitialized. Always initialize a member variable (type.6).</DESCRIPTION>
    <FUNCTION>ImGuiPayload::{ctor}</FUNCTION>
    <DECORATED>??0ImGuiPayload@@QAE@XZ</DECORATED>
    <FUNCLINE>1625</FUNCLINE>
    <PATH></PATH>
  </DEFECT>
  <DEFECT>
    <SFA>
      <FILEPATH>d:\github\sag-engine\imgui\</FILEPATH>
      <FILENAME>imgui.h</FILENAME>
      <LINE>1625</LINE>
      <COLUMN>4</COLUMN>
    </SFA>
    <DEFECTCODE>26495</DEFECTCODE>
    <DESCRIPTION>Variable 'ImGuiPayload::Preview' is uninitialized. Always initialize a member variable (type.6).</DESCRIPTION>
    <FUNCTION>ImGuiPayload::{ctor}</FUNCTION>
    <DECORATED>??0ImGuiPayload@@QAE@XZ</DECORATED>
    <FUNCLINE>1625</FUNCLINE>
    <PATH></PATH>
  </DEFECT>
  <DEFECT>
    <SFA>
      <FILEPATH>d:\github\sag-engine\imgui\</FILEPATH>
      <FILENAME>imgui.h</FILENAME>
      <LINE>1625</LINE>
      <COLUMN>4</COLUMN>
    </SFA>
    <DEFECTCODE>26495</DEFECTCODE>
    <DESCRIPTION>Variable 'ImGuiPayload::Delivery' is uninitialized. Always initialize a member variable (type.6).</DESCRIPTION>
    <FUNCTION>ImGuiPayload::{ctor}</FUNCTION>
    <DECORATED>??0ImGuiPayload@@QAE@XZ</DECORATED>
    <FUNCLINE>1625</FUNCLINE>
    <PATH></PATH>
  </DEFECT>
  <DEFECT>
    <SFA>
      <FILEPATH>d:\github\sag-engine\imgui\</FILEPATH>
      <FILENAME>imgui.h</FILENAME>
      <LINE>1625</LINE>
      <COLUMN>4</COLUMN>
    </SFA>
    <DEFECTCODE>26495</DEFECTCODE>
    <DESCRIPTION>Variable 'ImGuiPayload::DataFrameCount' is uninitialized. Always initialize a member variable (type.6).</DESCRIPTION>
    <FUNCTION>ImGuiPayload::{ctor}</FUNCTION>
    <DECORATED>??0ImGuiPayload@@QAE@XZ</DECORATED>
    <FUNCLINE>1625</FUNCLINE>
    <PATH></PATH>
  </DEFECT>
  <DEFECT>
    <SFA>
      <FILEPATH>d:\github\sag-engine\imgui\</FILEPATH>
      <FILENAME>imgui.h</FILENAME>
      <LINE>1625</LINE>
      <COLUMN>4</COLUMN>
    </SFA>
    <DEFECTCODE>26495</DEFECTCODE>
    <DESCRIPTION>Variable 'ImGuiPayload::SourceParentId' is uninitialized. Always initialize a member variable (type.6).</DESCRIPTION>
    <FUNCTION>ImGuiPayload::{ctor}</FUNCTION>
    <DECORATED>??0ImGuiPayload@@QAE@XZ</DECORATED>
    <FUNCLINE>1625</FUNCLINE>
    <PATH></PATH>
  </DEFECT>
  <DEFECT>
    <SFA>
      <FILEPATH>d:\github\sag-engine\imgui\</FILEPATH>
      <FILENAME>imgui.h</FILENAME>
      <LINE>1694</LINE>
      <COLUMN>4</COLUMN>
    </SFA>
    <DEFECTCODE>26495</DEFECTCODE>
    <DESCRIPTION>Variable 'ImGuiListClipper::StepNo' is uninitialized. Always initialize a member variable (type.6).</DESCRIPTION>
    <FUNCTION>ImGuiListClipper::{ctor}</FUNCTION>
    <DECORATED>??0ImGuiListClipper@@QAE@HM@Z</DECORATED>
    <FUNCLINE>1694</FUNCLINE>
    <PATH></PATH>
  </DEFECT>
  <DEFECT>
    <SFA>
      <FILEPATH>d:\github\sag-engine\imgui\</FILEPATH>
      <FILENAME>imgui.h</FILENAME>
      <LINE>1694</LINE>
      <COLUMN>4</COLUMN>
    </SFA>
    <DEFECTCODE>26495</DEFECTCODE>
    <DESCRIPTION>Variable 'ImGuiListClipper::ItemsHeight' is uninitialized. Always initialize a member variable (type.6).</DESCRIPTION>
    <FUNCTION>ImGuiListClipper::{ctor}</FUNCTION>
    <DECORATED>??0ImGuiListClipper@@QAE@HM@Z</DECORATED>
    <FUNCLINE>1694</FUNCLINE>
    <PATH></PATH>
  </DEFECT>
  <DEFECT>
    <SFA>
      <FILEPATH>d:\github\sag-engine\imgui\</FILEPATH>
      <FILENAME>imgui.h</FILENAME>
      <LINE>1694</LINE>
      <COLUMN>4</COLUMN>
    </SFA>
    <DEFECTCODE>26495</DEFECTCODE>
    <DESCRIPTION>Variable 'ImGuiListClipper::DisplayEnd' is uninitialized. Always initialize a member variable (type.6).</DESCRIPTION>
    <FUNCTION>ImGuiListClipper::{ctor}</FUNCTION>
    <DECORATED>??0ImGuiListClipper@@QAE@HM@Z</DECORATED>
    <FUNCLINE>1694</FUNCLINE>
    <PATH></PATH>
  </DEFECT>
  <DEFECT>
    <SFA>
      <FILEPATH>d:\github\sag-engine\imgui\</FILEPATH>
      <FILENAME>imgui.h</FILENAME>
      <LINE>1694</LINE>
      <COLUMN>4</COLUMN>
    </SFA>
    <DEFECTCODE>26495</DEFECTCODE>
    <DESCRIPTION>Variable 'ImGuiListClipper::ItemsCount' is uninitialized. Always initialize a member variable (type.6).</DESCRIPTION>
    <FUNCTION>ImGuiListClipper::{ctor}</FUNCTION>
    <DECORATED>??0ImGuiListClipper@@QAE@HM@Z</DECORATED>
    <FUNCLINE>1694</FUNCLINE>
    <PATH></PATH>
  </DEFECT>
  <DEFECT>
    <SFA>
      <FILEPATH>d:\github\sag-engine\imgui\</FILEPATH>
      <FILENAME>imgui.h</FILENAME>
      <LINE>1694</LINE>
      <COLUMN>4</COLUMN>
    </SFA>
    <DEFECTCODE>26495</DEFECTCODE>
    <DESCRIPTION>Variable 'ImGuiListClipper::StartPosY' is uninitialized. Always initialize a member variable (type.6).</DESCRIPTION>
    <FUNCTION>ImGuiListClipper::{ctor}</FUNCTION>
    <DECORATED>??0ImGuiListClipper@@QAE@HM@Z</DECORATED>
    <FUNCLINE>1694</FUNCLINE>
    <PATH></PATH>
  </DEFECT>
  <DEFECT>
    <SFA>
      <FILEPATH>d:\github\sag-engine\imgui\</FILEPATH>
      <FILENAME>imgui.h</FILENAME>
      <LINE>1694</LINE>
      <COLUMN>4</COLUMN>
    </SFA>
    <DEFECTCODE>26495</DEFECTCODE>
    <DESCRIPTION>Variable 'ImGuiListClipper::DisplayStart' is uninitialized. Always initialize a member variable (type.6).</DESCRIPTION>
    <FUNCTION>ImGuiListClipper::{ctor}</FUNCTION>
    <DECORATED>??0ImGuiListClipper@@QAE@HM@Z</DECORATED>
    <FUNCLINE>1694</FUNCLINE>
    <PATH></PATH>
  </DEFECT>
  <DEFECT>
    <SFA>
      <FILEPATH>d:\github\sag-engine\imgui\</FILEPATH>
      <FILENAME>imgui.h</FILENAME>
      <LINE>1801</LINE>
      <COLUMN>4</COLUMN>
    </SFA>
    <DEFECTCODE>26495</DEFECTCODE>
    <DESCRIPTION>Variable 'ImDrawList::Flags' is uninitialized. Always initialize a member variable (type.6).</DESCRIPTION>
    <FUNCTION>ImDrawList::{ctor}</FUNCTION>
    <DECORATED>??0ImDrawList@@QAE@PBUImDrawListSharedData@@@Z</DECORATED>
    <FUNCLINE>1801</FUNCLINE>
    <PATH></PATH>
  </DEFECT>
  <DEFECT>
    <SFA>
      <FILEPATH>d:\github\sag-engine\imgui\</FILEPATH>
      <FILENAME>imgui.h</FILENAME>
      <LINE>1801</LINE>
      <COLUMN>4</COLUMN>
    </SFA>
    <DEFECTCODE>26495</DEFECTCODE>
    <DESCRIPTION>Variable 'ImDrawList::_VtxCurrentIdx' is uninitialized. Always initialize a member variable (type.6).</DESCRIPTION>
    <FUNCTION>ImDrawList::{ctor}</FUNCTION>
    <DECORATED>??0ImDrawList@@QAE@PBUImDrawListSharedData@@@Z</DECORATED>
    <FUNCLINE>1801</FUNCLINE>
    <PATH></PATH>
  </DEFECT>
  <DEFECT>
    <SFA>
      <FILEPATH>d:\github\sag-engine\imgui\</FILEPATH>
      <FILENAME>imgui.h</FILENAME>
      <LINE>1801</LINE>
      <COLUMN>4</COLUMN>
    </SFA>
    <DEFECTCODE>26495</DEFECTCODE>
    <DESCRIPTION>Variable 'ImDrawList::_VtxWritePtr' is uninitialized. Always initialize a member variable (type.6).</DESCRIPTION>
    <FUNCTION>ImDrawList::{ctor}</FUNCTION>
    <DECORATED>??0ImDrawList@@QAE@PBUImDrawListSharedData@@@Z</DECORATED>
    <FUNCLINE>1801</FUNCLINE>
    <PATH></PATH>
  </DEFECT>
  <DEFECT>
    <SFA>
      <FILEPATH>d:\github\sag-engine\imgui\</FILEPATH>
      <FILENAME>imgui.h</FILENAME>
      <LINE>1801</LINE>
      <COLUMN>4</COLUMN>
    </SFA>
    <DEFECTCODE>26495</DEFECTCODE>
    <DESCRIPTION>Variable 'ImDrawList::_IdxWritePtr' is uninitialized. Always initialize a member variable (type.6).</DESCRIPTION>
    <FUNCTION>ImDrawList::{ctor}</FUNCTION>
    <DECORATED>??0ImDrawList@@QAE@PBUImDrawListSharedData@@@Z</DECORATED>
    <FUNCLINE>1801</FUNCLINE>
    <PATH></PATH>
  </DEFECT>
  <DEFECT>
    <SFA>
      <FILEPATH>d:\github\sag-engine\imgui\</FILEPATH>
      <FILENAME>imgui.h</FILENAME>
      <LINE>1801</LINE>
      <COLUMN>4</COLUMN>
    </SFA>
    <DEFECTCODE>26495</DEFECTCODE>
    <DESCRIPTION>Variable 'ImDrawList::_ChannelsCurrent' is uninitialized. Always initialize a member variable (type.6).</DESCRIPTION>
    <FUNCTION>ImDrawList::{ctor}</FUNCTION>
    <DECORATED>??0ImDrawList@@QAE@PBUImDrawListSharedData@@@Z</DECORATED>
    <FUNCLINE>1801</FUNCLINE>
    <PATH></PATH>
  </DEFECT>
  <DEFECT>
    <SFA>
      <FILEPATH>d:\github\sag-engine\imgui\</FILEPATH>
      <FILENAME>imgui.h</FILENAME>
      <LINE>1801</LINE>
      <COLUMN>4</COLUMN>
    </SFA>
    <DEFECTCODE>26495</DEFECTCODE>
    <DESCRIPTION>Variable 'ImDrawList::_ChannelsCount' is uninitialized. Always initialize a member variable (type.6).</DESCRIPTION>
    <FUNCTION>ImDrawList::{ctor}</FUNCTION>
    <DECORATED>??0ImDrawList@@QAE@PBUImDrawListSharedData@@@Z</DECORATED>
    <FUNCLINE>1801</FUNCLINE>
    <PATH></PATH>
  </DEFECT>
  <DEFECT>
    <SFA>
      <FILEPATH>d:\github\sag-engine\imgui\</FILEPATH>
      <FILENAME>imgui.h</FILENAME>
      <LINE>1882</LINE>
      <COLUMN>4</COLUMN>
    </SFA>
    <DEFECTCODE>26495</DEFECTCODE>
    <DESCRIPTION>Variable 'ImDrawData::CmdLists' is uninitialized. Always initialize a member variable (type.6).</DESCRIPTION>
    <FUNCTION>ImDrawData::{ctor}</FUNCTION>
    <DECORATED>??0ImDrawData@@QAE@XZ</DECORATED>
    <FUNCLINE>1882</FUNCLINE>
    <PATH></PATH>
  </DEFECT>
  <DEFECT>
    <SFA>
      <FILEPATH>d:\github\sag-engine\imgui\</FILEPATH>
      <FILENAME>imgui.h</FILENAME>
      <LINE>1882</LINE>
      <COLUMN>4</COLUMN>
    </SFA>
    <DEFECTCODE>26495</DEFECTCODE>
    <DESCRIPTION>Variable 'ImDrawData::CmdListsCount' is uninitialized. Always initialize a member variable (type.6).</DESCRIPTION>
    <FUNCTION>ImDrawData::{ctor}</FUNCTION>
    <DECORATED>??0ImDrawData@@QAE@XZ</DECORATED>
    <FUNCLINE>1882</FUNCLINE>
    <PATH></PATH>
  </DEFECT>
  <DEFECT>
    <SFA>
      <FILEPATH>d:\github\sag-engine\imgui\</FILEPATH>
      <FILENAME>imgui.h</FILENAME>
      <LINE>1882</LINE>
      <COLUMN>4</COLUMN>
    </SFA>
    <DEFECTCODE>26495</DEFECTCODE>
    <DESCRIPTION>Variable 'ImDrawData::TotalIdxCount' is uninitialized. Always initialize a member variable (type.6).</DESCRIPTION>
    <FUNCTION>ImDrawData::{ctor}</FUNCTION>
    <DECORATED>??0ImDrawData@@QAE@XZ</DECORATED>
    <FUNCLINE>1882</FUNCLINE>
    <PATH></PATH>
  </DEFECT>
  <DEFECT>
    <SFA>
      <FILEPATH>d:\github\sag-engine\imgui\</FILEPATH>
      <FILENAME>imgui.h</FILENAME>
      <LINE>1882</LINE>
      <COLUMN>4</COLUMN>
    </SFA>
    <DEFECTCODE>26495</DEFECTCODE>
    <DESCRIPTION>Variable 'ImDrawData::TotalVtxCount' is uninitialized. Always initialize a member variable (type.6).</DESCRIPTION>
    <FUNCTION>ImDrawData::{ctor}</FUNCTION>
    <DECORATED>??0ImDrawData@@QAE@XZ</DECORATED>
    <FUNCLINE>1882</FUNCLINE>
    <PATH></PATH>
  </DEFECT>
  <DEFECT>
    <SFA>
      <FILEPATH>d:\github\sag-engine\imgui\</FILEPATH>
      <FILENAME>imgui.h</FILENAME>
      <LINE>2170</LINE>
      <COLUMN>4</COLUMN>
    </SFA>
    <DEFECTCODE>26495</DEFECTCODE>
    <DESCRIPTION>Variable 'ImGuiPlatformIO::Platform_SetImeInputPos' is uninitialized. Always initialize a member variable (type.6).</DESCRIPTION>
    <FUNCTION>ImGuiPlatformIO::{ctor}</FUNCTION>
    <DECORATED>??0ImGuiPlatformIO@@QAE@XZ</DECORATED>
    <FUNCLINE>2170</FUNCLINE>
    <PATH></PATH>
  </DEFECT>
  <DEFECT>
    <SFA>
      <FILEPATH>d:\github\sag-engine\imgui\</FILEPATH>
      <FILENAME>imgui.h</FILENAME>
      <LINE>2170</LINE>
      <COLUMN>4</COLUMN>
    </SFA>
    <DEFECTCODE>26495</DEFECTCODE>
    <DESCRIPTION>Variable 'ImGuiPlatformIO::Platform_OnChangedViewport' is uninitialized. Always initialize a member variable (type.6).</DESCRIPTION>
    <FUNCTION>ImGuiPlatformIO::{ctor}</FUNCTION>
    <DECORATED>??0ImGuiPlatformIO@@QAE@XZ</DECORATED>
    <FUNCLINE>2170</FUNCLINE>
    <PATH></PATH>
  </DEFECT>
  <DEFECT>
    <SFA>
      <FILEPATH>d:\github\sag-engine\imgui\</FILEPATH>
      <FILENAME>imgui.h</FILENAME>
      <LINE>2170</LINE>
      <COLUMN>4</COLUMN>
    </SFA>
    <DEFECTCODE>26495</DEFECTCODE>
    <DESCRIPTION>Variable 'ImGuiPlatformIO::Renderer_DestroyWindow' is uninitialized. Always initialize a member variable (type.6).</DESCRIPTION>
    <FUNCTION>ImGuiPlatformIO::{ctor}</FUNCTION>
    <DECORATED>??0ImGuiPlatformIO@@QAE@XZ</DECORATED>
    <FUNCLINE>2170</FUNCLINE>
    <PATH></PATH>
  </DEFECT>
  <DEFECT>
    <SFA>
      <FILEPATH>d:\github\sag-engine\imgui\</FILEPATH>
      <FILENAME>imgui.h</FILENAME>
      <LINE>2170</LINE>
      <COLUMN>4</COLUMN>
    </SFA>
    <DEFECTCODE>26495</DEFECTCODE>
    <DESCRIPTION>Variable 'ImGuiPlatformIO::Renderer_CreateWindow' is uninitialized. Always initialize a member variable (type.6).</DESCRIPTION>
    <FUNCTION>ImGuiPlatformIO::{ctor}</FUNCTION>
    <DECORATED>??0ImGuiPlatformIO@@QAE@XZ</DECORATED>
    <FUNCLINE>2170</FUNCLINE>
    <PATH></PATH>
  </DEFECT>
  <DEFECT>
    <SFA>
      <FILEPATH>d:\github\sag-engine\imgui\</FILEPATH>
      <FILENAME>imgui.h</FILENAME>
      <LINE>2170</LINE>
      <COLUMN>4</COLUMN>
    </SFA>
    <DEFECTCODE>26495</DEFECTCODE>
    <DESCRIPTION>Variable 'ImGuiPlatformIO::Platform_CreateVkSurface' is uninitialized. Always initialize a member variable (type.6).</DESCRIPTION>
    <FUNCTION>ImGuiPlatformIO::{ctor}</FUNCTION>
    <DECORATED>??0ImGuiPlatformIO@@QAE@XZ</DECORATED>
    <FUNCLINE>2170</FUNCLINE>
    <PATH></PATH>
  </DEFECT>
  <DEFECT>
    <SFA>
      <FILEPATH>d:\github\sag-engine\imgui\</FILEPATH>
      <FILENAME>imgui.h</FILENAME>
      <LINE>2170</LINE>
      <COLUMN>4</COLUMN>
    </SFA>
    <DEFECTCODE>26495</DEFECTCODE>
    <DESCRIPTION>Variable 'ImGuiPlatformIO::Platform_SwapBuffers' is uninitialized. Always initialize a member variable (type.6).</DESCRIPTION>
    <FUNCTION>ImGuiPlatformIO::{ctor}</FUNCTION>
    <DECORATED>??0ImGuiPlatformIO@@QAE@XZ</DECORATED>
    <FUNCLINE>2170</FUNCLINE>
    <PATH></PATH>
  </DEFECT>
  <DEFECT>
    <SFA>
      <FILEPATH>d:\github\sag-engine\imgui\</FILEPATH>
      <FILENAME>imgui.h</FILENAME>
      <LINE>2170</LINE>
      <COLUMN>4</COLUMN>
    </SFA>
    <DEFECTCODE>26495</DEFECTCODE>
    <DESCRIPTION>Variable 'ImGuiPlatformIO::Platform_RenderWindow' is uninitialized. Always initialize a member variable (type.6).</DESCRIPTION>
    <FUNCTION>ImGuiPlatformIO::{ctor}</FUNCTION>
    <DECORATED>??0ImGuiPlatformIO@@QAE@XZ</DECORATED>
    <FUNCLINE>2170</FUNCLINE>
    <PATH></PATH>
  </DEFECT>
  <DEFECT>
    <SFA>
      <FILEPATH>d:\github\sag-engine\imgui\</FILEPATH>
      <FILENAME>imgui.h</FILENAME>
      <LINE>2170</LINE>
      <COLUMN>4</COLUMN>
    </SFA>
    <DEFECTCODE>26495</DEFECTCODE>
    <DESCRIPTION>Variable 'ImGuiPlatformIO::Platform_GetWindowDpiScale' is uninitialized. Always initialize a member variable (type.6).</DESCRIPTION>
    <FUNCTION>ImGuiPlatformIO::{ctor}</FUNCTION>
    <DECORATED>??0ImGuiPlatformIO@@QAE@XZ</DECORATED>
    <FUNCLINE>2170</FUNCLINE>
    <PATH></PATH>
  </DEFECT>
  <DEFECT>
    <SFA>
      <FILEPATH>d:\github\sag-engine\imgui\</FILEPATH>
      <FILENAME>imgui.h</FILENAME>
      <LINE>2170</LINE>
      <COLUMN>4</COLUMN>
    </SFA>
    <DEFECTCODE>26495</DEFECTCODE>
    <DESCRIPTION>Variable 'ImGuiPlatformIO::Platform_SetWindowAlpha' is uninitialized. Always initialize a member variable (type.6).</DESCRIPTION>
    <FUNCTION>ImGuiPlatformIO::{ctor}</FUNCTION>
    <DECORATED>??0ImGuiPlatformIO@@QAE@XZ</DECORATED>
    <FUNCLINE>2170</FUNCLINE>
    <PATH></PATH>
  </DEFECT>
  <DEFECT>
    <SFA>
      <FILEPATH>d:\github\sag-engine\imgui\</FILEPATH>
      <FILENAME>imgui.h</FILENAME>
      <LINE>2170</LINE>
      <COLUMN>4</COLUMN>
    </SFA>
    <DEFECTCODE>26495</DEFECTCODE>
    <DESCRIPTION>Variable 'ImGuiPlatformIO::Platform_SetWindowTitle' is uninitialized. Always initialize a member variable (type.6).</DESCRIPTION>
    <FUNCTION>ImGuiPlatformIO::{ctor}</FUNCTION>
    <DECORATED>??0ImGuiPlatformIO@@QAE@XZ</DECORATED>
    <FUNCLINE>2170</FUNCLINE>
    <PATH></PATH>
  </DEFECT>
  <DEFECT>
    <SFA>
      <FILEPATH>d:\github\sag-engine\imgui\</FILEPATH>
      <FILENAME>imgui.h</FILENAME>
      <LINE>2170</LINE>
      <COLUMN>4</COLUMN>
    </SFA>
    <DEFECTCODE>26495</DEFECTCODE>
    <DESCRIPTION>Variable 'ImGuiPlatformIO::Platform_GetWindowFocus' is uninitialized. Always initialize a member variable (type.6).</DESCRIPTION>
    <FUNCTION>ImGuiPlatformIO::{ctor}</FUNCTION>
    <DECORATED>??0ImGuiPlatformIO@@QAE@XZ</DECORATED>
    <FUNCLINE>2170</FUNCLINE>
    <PATH></PATH>
  </DEFECT>
  <DEFECT>
    <SFA>
      <FILEPATH>d:\github\sag-engine\imgui\</FILEPATH>
      <FILENAME>imgui.h</FILENAME>
      <LINE>2170</LINE>
      <COLUMN>4</COLUMN>
    </SFA>
    <DEFECTCODE>26495</DEFECTCODE>
    <DESCRIPTION>Variable 'ImGuiPlatformIO::Platform_GetWindowSize' is uninitialized. Always initialize a member variable (type.6).</DESCRIPTION>
    <FUNCTION>ImGuiPlatformIO::{ctor}</FUNCTION>
    <DECORATED>??0ImGuiPlatformIO@@QAE@XZ</DECORATED>
    <FUNCLINE>2170</FUNCLINE>
    <PATH></PATH>
  </DEFECT>
  <DEFECT>
    <SFA>
      <FILEPATH>d:\github\sag-engine\imgui\</FILEPATH>
      <FILENAME>imgui.h</FILENAME>
      <LINE>2170</LINE>
      <COLUMN>4</COLUMN>
    </SFA>
    <DEFECTCODE>26495</DEFECTCODE>
    <DESCRIPTION>Variable 'ImGuiPlatformIO::Platform_SetWindowSize' is uninitialized. Always initialize a member variable (type.6).</DESCRIPTION>
    <FUNCTION>ImGuiPlatformIO::{ctor}</FUNCTION>
    <DECORATED>??0ImGuiPlatformIO@@QAE@XZ</DECORATED>
    <FUNCLINE>2170</FUNCLINE>
    <PATH></PATH>
  </DEFECT>
  <DEFECT>
    <SFA>
      <FILEPATH>d:\github\sag-engine\imgui\</FILEPATH>
      <FILENAME>imgui.h</FILENAME>
      <LINE>2170</LINE>
      <COLUMN>4</COLUMN>
    </SFA>
    <DEFECTCODE>26495</DEFECTCODE>
    <DESCRIPTION>Variable 'ImGuiPlatformIO::Platform_GetWindowPos' is uninitialized. Always initialize a member variable (type.6).</DESCRIPTION>
    <FUNCTION>ImGuiPlatformIO::{ctor}</FUNCTION>
    <DECORATED>??0ImGuiPlatformIO@@QAE@XZ</DECORATED>
    <FUNCLINE>2170</FUNCLINE>
    <PATH></PATH>
  </DEFECT>
  <DEFECT>
    <SFA>
      <FILEPATH>d:\github\sag-engine\imgui\</FILEPATH>
      <FILENAME>imgui.h</FILENAME>
      <LINE>2170</LINE>
      <COLUMN>4</COLUMN>
    </SFA>
    <DEFECTCODE>26495</DEFECTCODE>
    <DESCRIPTION>Variable 'ImGuiPlatformIO::Platform_SetWindowFocus' is uninitialized. Always initialize a member variable (type.6).</DESCRIPTION>
    <FUNCTION>ImGuiPlatformIO::{ctor}</FUNCTION>
    <DECORATED>??0ImGuiPlatformIO@@QAE@XZ</DECORATED>
    <FUNCLINE>2170</FUNCLINE>
    <PATH></PATH>
  </DEFECT>
  <DEFECT>
    <SFA>
      <FILEPATH>d:\github\sag-engine\imgui\</FILEPATH>
      <FILENAME>imgui.h</FILENAME>
      <LINE>2170</LINE>
      <COLUMN>4</COLUMN>
    </SFA>
    <DEFECTCODE>26495</DEFECTCODE>
    <DESCRIPTION>Variable 'ImGuiPlatformIO::Platform_SetWindowPos' is uninitialized. Always initialize a member variable (type.6).</DESCRIPTION>
    <FUNCTION>ImGuiPlatformIO::{ctor}</FUNCTION>
    <DECORATED>??0ImGuiPlatformIO@@QAE@XZ</DECORATED>
    <FUNCLINE>2170</FUNCLINE>
    <PATH></PATH>
  </DEFECT>
  <DEFECT>
    <SFA>
      <FILEPATH>d:\github\sag-engine\imgui\</FILEPATH>
      <FILENAME>imgui.h</FILENAME>
      <LINE>2170</LINE>
      <COLUMN>4</COLUMN>
    </SFA>
    <DEFECTCODE>26495</DEFECTCODE>
    <DESCRIPTION>Variable 'ImGuiPlatformIO::Platform_DestroyWindow' is uninitialized. Always initialize a member variable (type.6).</DESCRIPTION>
    <FUNCTION>ImGuiPlatformIO::{ctor}</FUNCTION>
    <DECORATED>??0ImGuiPlatformIO@@QAE@XZ</DECORATED>
    <FUNCLINE>2170</FUNCLINE>
    <PATH></PATH>
  </DEFECT>
  <DEFECT>
    <SFA>
      <FILEPATH>d:\github\sag-engine\imgui\</FILEPATH>
      <FILENAME>imgui.h</FILENAME>
      <LINE>2170</LINE>
      <COLUMN>4</COLUMN>
    </SFA>
    <DEFECTCODE>26495</DEFECTCODE>
    <DESCRIPTION>Variable 'ImGuiPlatformIO::Platform_ShowWindow' is uninitialized. Always initialize a member variable (type.6).</DESCRIPTION>
    <FUNCTION>ImGuiPlatformIO::{ctor}</FUNCTION>
    <DECORATED>??0ImGuiPlatformIO@@QAE@XZ</DECORATED>
    <FUNCLINE>2170</FUNCLINE>
    <PATH></PATH>
  </DEFECT>
  <DEFECT>
    <SFA>
      <FILEPATH>d:\github\sag-engine\imgui\</FILEPATH>
      <FILENAME>imgui.h</FILENAME>
      <LINE>2170</LINE>
      <COLUMN>4</COLUMN>
    </SFA>
    <DEFECTCODE>26495</DEFECTCODE>
    <DESCRIPTION>Variable 'ImGuiPlatformIO::Platform_CreateWindow' is uninitialized. Always initialize a member variable (type.6).</DESCRIPTION>
    <FUNCTION>ImGuiPlatformIO::{ctor}</FUNCTION>
    <DECORATED>??0ImGuiPlatformIO@@QAE@XZ</DECORATED>
    <FUNCLINE>2170</FUNCLINE>
    <PATH></PATH>
  </DEFECT>
  <DEFECT>
    <SFA>
      <FILEPATH>d:\github\sag-engine\imgui\</FILEPATH>
      <FILENAME>imgui.h</FILENAME>
      <LINE>2170</LINE>
      <COLUMN>4</COLUMN>
    </SFA>
    <DEFECTCODE>26495</DEFECTCODE>
    <DESCRIPTION>Variable 'ImGuiPlatformIO::Renderer_SwapBuffers' is uninitialized. Always initialize a member variable (type.6).</DESCRIPTION>
    <FUNCTION>ImGuiPlatformIO::{ctor}</FUNCTION>
    <DECORATED>??0ImGuiPlatformIO@@QAE@XZ</DECORATED>
    <FUNCLINE>2170</FUNCLINE>
    <PATH></PATH>
  </DEFECT>
  <DEFECT>
    <SFA>
      <FILEPATH>d:\github\sag-engine\imgui\</FILEPATH>
      <FILENAME>imgui.h</FILENAME>
      <LINE>2170</LINE>
      <COLUMN>4</COLUMN>
    </SFA>
    <DEFECTCODE>26495</DEFECTCODE>
    <DESCRIPTION>Variable 'ImGuiPlatformIO::Renderer_RenderWindow' is uninitialized. Always initialize a member variable (type.6).</DESCRIPTION>
    <FUNCTION>ImGuiPlatformIO::{ctor}</FUNCTION>
    <DECORATED>??0ImGuiPlatformIO@@QAE@XZ</DECORATED>
    <FUNCLINE>2170</FUNCLINE>
    <PATH></PATH>
  </DEFECT>
  <DEFECT>
    <SFA>
      <FILEPATH>d:\github\sag-engine\imgui\</FILEPATH>
      <FILENAME>imgui.h</FILENAME>
      <LINE>2170</LINE>
      <COLUMN>4</COLUMN>
    </SFA>
    <DEFECTCODE>26495</DEFECTCODE>
    <DESCRIPTION>Variable 'ImGuiPlatformIO::Renderer_SetWindowSize' is uninitialized. Always initialize a member variable (type.6).</DESCRIPTION>
    <FUNCTION>ImGuiPlatformIO::{ctor}</FUNCTION>
    <DECORATED>??0ImGuiPlatformIO@@QAE@XZ</DECORATED>
    <FUNCLINE>2170</FUNCLINE>
    <PATH></PATH>
  </DEFECT>
  <DEFECT>
    <SFA>
      <FILEPATH>d:\github\sag-engine\imgui\</FILEPATH>
      <FILENAME>imgui.h</FILENAME>
      <LINE>2170</LINE>
      <COLUMN>4</COLUMN>
    </SFA>
    <DEFECTCODE>26495</DEFECTCODE>
    <DESCRIPTION>Variable 'ImGuiPlatformIO::MainViewport' is uninitialized. Always initialize a member variable (type.6).</DESCRIPTION>
    <FUNCTION>ImGuiPlatformIO::{ctor}</FUNCTION>
    <DECORATED>??0ImGuiPlatformIO@@QAE@XZ</DECORATED>
    <FUNCLINE>2170</FUNCLINE>
    <PATH></PATH>
  </DEFECT>
  <DEFECT>
    <SFA>
      <FILEPATH>d:\github\sag-engine\</FILEPATH>
      <FILENAME>component.h</FILENAME>
      <LINE>33</LINE>
      <COLUMN>1</COLUMN>
    </SFA>
    <DEFECTCODE>26495</DEFECTCODE>
    <DESCRIPTION>Variable 'Component::active' is uninitialized. Always initialize a member variable (type.6).</DESCRIPTION>
    <FUNCTION>Component::{ctor}</FUNCTION>
    <DECORATED>??0Component@@QAE@XZ</DECORATED>
    <FUNCLINE>33</FUNCLINE>
    <PATH></PATH>
  </DEFECT>
  <DEFECT>
    <SFA>
      <FILEPATH>d:\github\sag-engine\</FILEPATH>
      <FILENAME>component.h</FILENAME>
      <LINE>33</LINE>
      <COLUMN>1</COLUMN>
    </SFA>
    <DEFECTCODE>26495</DEFECTCODE>
    <DESCRIPTION>Variable 'Component::type' is uninitialized. Always initialize a member variable (type.6).</DESCRIPTION>
    <FUNCTION>Component::{ctor}</FUNCTION>
    <DECORATED>??0Component@@QAE@XZ</DECORATED>
    <FUNCLINE>33</FUNCLINE>
    <PATH></PATH>
  </DEFECT>
  <DEFECT>
    <SFA>
      <FILEPATH>d:\github\sag-engine\</FILEPATH>
      <FILENAME>component.h</FILENAME>
      <LINE>33</LINE>
      <COLUMN>1</COLUMN>
    </SFA>
    <DEFECTCODE>26495</DEFECTCODE>
    <DESCRIPTION>Variable 'Component::owner' is uninitialized. Always initialize a member variable (type.6).</DESCRIPTION>
    <FUNCTION>Component::{ctor}</FUNCTION>
    <DECORATED>??0Component@@QAE@XZ</DECORATED>
    <FUNCLINE>33</FUNCLINE>
    <PATH></PATH>
  </DEFECT>
  <DEFECT>
    <SFA>
      <FILEPATH>d:\github\sag-engine\</FILEPATH>
      <FILENAME>component.h</FILENAME>
      <LINE>34</LINE>
      <COLUMN>1</COLUMN>
    </SFA>
    <DEFECTCODE>26495</DEFECTCODE>
    <DESCRIPTION>Variable 'Component::active' is uninitialized. Always initialize a member variable (type.6).</DESCRIPTION>
    <FUNCTION>Component::{ctor}</FUNCTION>
    <DECORATED>??0Component@@QAE@PAVGameObject@@@Z</DECORATED>
    <FUNCLINE>34</FUNCLINE>
    <PATH></PATH>
  </DEFECT>
  <DEFECT>
    <SFA>
      <FILEPATH>d:\github\sag-engine\</FILEPATH>
      <FILENAME>component.h</FILENAME>
      <LINE>34</LINE>
      <COLUMN>1</COLUMN>
    </SFA>
    <DEFECTCODE>26495</DEFECTCODE>
    <DESCRIPTION>Variable 'Component::type' is uninitialized. Always initialize a member variable (type.6).</DESCRIPTION>
    <FUNCTION>Component::{ctor}</FUNCTION>
    <DECORATED>??0Component@@QAE@PAVGameObject@@@Z</DECORATED>
    <FUNCLINE>34</FUNCLINE>
    <PATH></PATH>
  </DEFECT>
  <DEFECT>
    <SFA>
      <FILEPATH>d:\github\sag-engine\</FILEPATH>
      <FILENAME>component.h</FILENAME>
      <LINE>35</LINE>
      <COLUMN>1</COLUMN>
    </SFA>
    <DEFECTCODE>26495</DEFECTCODE>
    <DESCRIPTION>Variable 'Component::active' is uninitialized. Always initialize a member variable (type.6).</DESCRIPTION>
    <FUNCTION>Component::{ctor}</FUNCTION>
    <DECORATED>??0Component@@QAE@PAV0@@Z</DECORATED>
    <FUNCLINE>35</FUNCLINE>
    <PATH></PATH>
  </DEFECT>
  <DEFECT>
    <SFA>
      <FILEPATH>d:\github\sag-engine\</FILEPATH>
      <FILENAME>component.h</FILENAME>
      <LINE>35</LINE>
      <COLUMN>1</COLUMN>
    </SFA>
    <DEFECTCODE>26495</DEFECTCODE>
    <DESCRIPTION>Variable 'Component::type' is uninitialized. Always initialize a member variable (type.6).</DESCRIPTION>
    <FUNCTION>Component::{ctor}</FUNCTION>
    <DECORATED>??0Component@@QAE@PAV0@@Z</DECORATED>
    <FUNCLINE>35</FUNCLINE>
    <PATH></PATH>
  </DEFECT>
  <DEFECT>
    <SFA>
      <FILEPATH>d:\github\sag-engine\</FILEPATH>
      <FILENAME>component.h</FILENAME>
      <LINE>35</LINE>
      <COLUMN>1</COLUMN>
    </SFA>
    <DEFECTCODE>26495</DEFECTCODE>
    <DESCRIPTION>Variable 'Component::owner' is uninitialized. Always initialize a member variable (type.6).</DESCRIPTION>
    <FUNCTION>Component::{ctor}</FUNCTION>
    <DECORATED>??0Component@@QAE@PAV0@@Z</DECORATED>
    <FUNCLINE>35</FUNCLINE>
    <PATH></PATH>
  </DEFECT>
  <DEFECT>
    <SFA>
      <FILEPATH>d:\github\sag-engine\assimp\include\assimp\</FILEPATH>
      <FILENAME>types.h</FILENAME>
      <LINE>129</LINE>
      <COLUMN>4</COLUMN>
    </SFA>
    <DEFECTCODE>26495</DEFECTCODE>
    <DESCRIPTION>Variable 'aiPlane::c' is uninitialized. Always initialize a member variable (type.6).</DESCRIPTION>
    <FUNCTION>aiPlane::{ctor}</FUNCTION>
    <DECORATED>??0aiPlane@@QAE@ABU0@@Z</DECORATED>
    <FUNCLINE>129</FUNCLINE>
    <PATH></PATH>
  </DEFECT>
  <DEFECT>
    <SFA>
      <FILEPATH>d:\github\sag-engine\assimp\include\assimp\</FILEPATH>
      <FILENAME>types.h</FILENAME>
      <LINE>129</LINE>
      <COLUMN>4</COLUMN>
    </SFA>
    <DEFECTCODE>26495</DEFECTCODE>
    <DESCRIPTION>Variable 'aiPlane::d' is uninitialized. Always initialize a member variable (type.6).</DESCRIPTION>
    <FUNCTION>aiPlane::{ctor}</FUNCTION>
    <DECORATED>??0aiPlane@@QAE@ABU0@@Z</DECORATED>
    <FUNCLINE>129</FUNCLINE>
    <PATH></PATH>
  </DEFECT>
  <DEFECT>
    <SFA>
      <FILEPATH>d:\github\sag-engine\assimp\include\assimp\</FILEPATH>
      <FILENAME>types.h</FILENAME>
      <LINE>129</LINE>
      <COLUMN>4</COLUMN>
    </SFA>
    <DEFECTCODE>26495</DEFECTCODE>
    <DESCRIPTION>Variable 'aiPlane::b' is uninitialized. Always initialize a member variable (type.6).</DESCRIPTION>
    <FUNCTION>aiPlane::{ctor}</FUNCTION>
    <DECORATED>??0aiPlane@@QAE@ABU0@@Z</DECORATED>
    <FUNCLINE>129</FUNCLINE>
    <PATH></PATH>
  </DEFECT>
  <DEFECT>
    <SFA>
      <FILEPATH>d:\github\sag-engine\assimp\include\assimp\</FILEPATH>
      <FILENAME>types.h</FILENAME>
      <LINE>129</LINE>
      <COLUMN>4</COLUMN>
    </SFA>
    <DEFECTCODE>26495</DEFECTCODE>
    <DESCRIPTION>Variable 'aiPlane::a' is uninitialized. Always initialize a member variable (type.6).</DESCRIPTION>
    <FUNCTION>aiPlane::{ctor}</FUNCTION>
    <DECORATED>??0aiPlane@@QAE@ABU0@@Z</DECORATED>
    <FUNCLINE>129</FUNCLINE>
    <PATH></PATH>
  </DEFECT>
  <DEFECT>
    <SFA>
      <FILEPATH>d:\github\sag-engine\assimp\include\assimp\</FILEPATH>
      <FILENAME>types.h</FILENAME>
      <LINE>164</LINE>
      <COLUMN>4</COLUMN>
    </SFA>
    <DEFECTCODE>26495</DEFECTCODE>
    <DESCRIPTION>Variable 'aiColor3D::r' is uninitialized. Always initialize a member variable (type.6).</DESCRIPTION>
    <FUNCTION>aiColor3D::{ctor}</FUNCTION>
    <DECORATED>??0aiColor3D@@QAE@ABU0@@Z</DECORATED>
    <FUNCLINE>164</FUNCLINE>
    <PATH></PATH>
  </DEFECT>
  <DEFECT>
    <SFA>
      <FILEPATH>d:\github\sag-engine\assimp\include\assimp\</FILEPATH>
      <FILENAME>types.h</FILENAME>
      <LINE>164</LINE>
      <COLUMN>4</COLUMN>
    </SFA>
    <DEFECTCODE>26495</DEFECTCODE>
    <DESCRIPTION>Variable 'aiColor3D::g' is uninitialized. Always initialize a member variable (type.6).</DESCRIPTION>
    <FUNCTION>aiColor3D::{ctor}</FUNCTION>
    <DECORATED>??0aiColor3D@@QAE@ABU0@@Z</DECORATED>
    <FUNCLINE>164</FUNCLINE>
    <PATH></PATH>
  </DEFECT>
  <DEFECT>
    <SFA>
      <FILEPATH>d:\github\sag-engine\assimp\include\assimp\</FILEPATH>
      <FILENAME>types.h</FILENAME>
      <LINE>164</LINE>
      <COLUMN>4</COLUMN>
    </SFA>
    <DEFECTCODE>26495</DEFECTCODE>
    <DESCRIPTION>Variable 'aiColor3D::b' is uninitialized. Always initialize a member variable (type.6).</DESCRIPTION>
    <FUNCTION>aiColor3D::{ctor}</FUNCTION>
    <DECORATED>??0aiColor3D@@QAE@ABU0@@Z</DECORATED>
    <FUNCLINE>164</FUNCLINE>
    <PATH></PATH>
  </DEFECT>
  <DEFECT>
    <SFA>
      <FILEPATH>d:\github\sag-engine\assimp\include\assimp\</FILEPATH>
      <FILENAME>mesh.h</FILENAME>
      <LINE>150</LINE>
      <COLUMN>4</COLUMN>
    </SFA>
    <DEFECTCODE>26495</DEFECTCODE>
    <DESCRIPTION>Variable 'aiFace::mNumIndices' is uninitialized. Always initialize a member variable (type.6).</DESCRIPTION>
    <FUNCTION>aiFace::{ctor}</FUNCTION>
    <DECORATED>??0aiFace@@QAE@ABU0@@Z</DECORATED>
    <FUNCLINE>150</FUNCLINE>
    <PATH></PATH>
  </DEFECT>
  <DEFECT>
    <SFA>
      <FILEPATH>d:\github\sag-engine\assimp\include\assimp\</FILEPATH>
      <FILENAME>mesh.h</FILENAME>
      <LINE>213</LINE>
      <COLUMN>4</COLUMN>
    </SFA>
    <DEFECTCODE>26495</DEFECTCODE>
    <DESCRIPTION>Variable 'aiVertexWeight::mWeight' is uninitialized. Always initialize a member variable (type.6).</DESCRIPTION>
    <FUNCTION>aiVertexWeight::{ctor}</FUNCTION>
    <DECORATED>??0aiVertexWeight@@QAE@XZ</DECORATED>
    <FUNCLINE>213</FUNCLINE>
    <PATH></PATH>
  </DEFECT>
  <DEFECT>
    <SFA>
      <FILEPATH>d:\github\sag-engine\assimp\include\assimp\</FILEPATH>
      <FILENAME>mesh.h</FILENAME>
      <LINE>213</LINE>
      <COLUMN>4</COLUMN>
    </SFA>
    <DEFECTCODE>26495</DEFECTCODE>
    <DESCRIPTION>Variable 'aiVertexWeight::mVertexId' is uninitialized. Always initialize a member variable (type.6).</DESCRIPTION>
    <FUNCTION>aiVertexWeight::{ctor}</FUNCTION>
    <DECORATED>??0aiVertexWeight@@QAE@XZ</DECORATED>
    <FUNCLINE>213</FUNCLINE>
    <PATH></PATH>
  </DEFECT>
  <DEFECT>
    <SFA>
      <FILEPATH>d:\github\sag-engine\assimp\include\assimp\</FILEPATH>
      <FILENAME>mesh.h</FILENAME>
      <LINE>259</LINE>
      <COLUMN>4</COLUMN>
    </SFA>
    <DEFECTCODE>26495</DEFECTCODE>
    <DESCRIPTION>Variable 'aiBone::mNumWeights' is uninitialized. Always initialize a member variable (type.6).</DESCRIPTION>
    <FUNCTION>aiBone::{ctor}</FUNCTION>
    <DECORATED>??0aiBone@@QAE@ABU0@@Z</DECORATED>
    <FUNCLINE>259</FUNCLINE>
    <PATH></PATH>
  </DEFECT>
  <DEFECT>
    <SFA>
      <FILEPATH>d:\github\sag-engine\assimp\include\assimp\</FILEPATH>
      <FILENAME>mesh.h</FILENAME>
      <LINE>259</LINE>
      <COLUMN>4</COLUMN>
    </SFA>
    <DEFECTCODE>26495</DEFECTCODE>
    <DESCRIPTION>Variable 'aiBone::mWeights' is uninitialized. Always initialize a member variable (type.6).</DESCRIPTION>
    <FUNCTION>aiBone::{ctor}</FUNCTION>
    <DECORATED>??0aiBone@@QAE@ABU0@@Z</DECORATED>
    <FUNCLINE>259</FUNCLINE>
    <PATH></PATH>
  </DEFECT>
  <DEFECT>
    <SFA>
      <FILEPATH>d:\github\sag-engine\assimp\include\assimp\</FILEPATH>
      <FILENAME>mesh.h</FILENAME>
      <LINE>259</LINE>
      <COLUMN>4</COLUMN>
    </SFA>
    <DEFECTCODE>26495</DEFECTCODE>
    <DESCRIPTION>Variable 'aiBone::mOffsetMatrix' is uninitialized. Always initialize a member variable (type.6).</DESCRIPTION>
    <FUNCTION>aiBone::{ctor}</FUNCTION>
    <DECORATED>??0aiBone@@QAE@ABU0@@Z</DECORATED>
    <FUNCLINE>259</FUNCLINE>
    <PATH></PATH>
  </DEFECT>
  <DEFECT>
    <SFA>
      <FILEPATH>d:\github\sag-engine\assimp\include\assimp\</FILEPATH>
      <FILENAME>mesh.h</FILENAME>
      <LINE>382</LINE>
      <COLUMN>4</COLUMN>
    </SFA>
    <DEFECTCODE>26495</DEFECTCODE>
    <DESCRIPTION>Variable 'aiAnimMesh::mTextureCoords' is uninitialized. Always initialize a member variable (type.6).</DESCRIPTION>
    <FUNCTION>aiAnimMesh::{ctor}</FUNCTION>
    <DECORATED>??0aiAnimMesh@@QAE@XZ</DECORATED>
    <FUNCLINE>382</FUNCLINE>
    <PATH></PATH>
  </DEFECT>
  <DEFECT>
    <SFA>
      <FILEPATH>d:\github\sag-engine\assimp\include\assimp\</FILEPATH>
      <FILENAME>mesh.h</FILENAME>
      <LINE>382</LINE>
      <COLUMN>4</COLUMN>
    </SFA>
    <DEFECTCODE>26495</DEFECTCODE>
    <DESCRIPTION>Variable 'aiAnimMesh::mColors' is uninitialized. Always initialize a member variable (type.6).</DESCRIPTION>
    <FUNCTION>aiAnimMesh::{ctor}</FUNCTION>
    <DECORATED>??0aiAnimMesh@@QAE@XZ</DECORATED>
    <FUNCLINE>382</FUNCLINE>
    <PATH></PATH>
  </DEFECT>
  <DEFECT>
    <SFA>
      <FILEPATH>d:\github\sag-engine\assimp\include\assimp\</FILEPATH>
      <FILENAME>mesh.h</FILENAME>
      <LINE>614</LINE>
      <COLUMN>4</COLUMN>
    </SFA>
    <DEFECTCODE>26495</DEFECTCODE>
    <DESCRIPTION>Variable 'aiMesh::mTextureCoords' is uninitialized. Always initialize a member variable (type.6).</DESCRIPTION>
    <FUNCTION>aiMesh::{ctor}</FUNCTION>
    <DECORATED>??0aiMesh@@QAE@XZ</DECORATED>
    <FUNCLINE>614</FUNCLINE>
    <PATH></PATH>
  </DEFECT>
  <DEFECT>
    <SFA>
      <FILEPATH>d:\github\sag-engine\assimp\include\assimp\</FILEPATH>
      <FILENAME>mesh.h</FILENAME>
      <LINE>614</LINE>
      <COLUMN>4</COLUMN>
    </SFA>
    <DEFECTCODE>26495</DEFECTCODE>
    <DESCRIPTION>Variable 'aiMesh::mNumUVComponents' is uninitialized. Always initialize a member variable (type.6).</DESCRIPTION>
    <FUNCTION>aiMesh::{ctor}</FUNCTION>
    <DECORATED>??0aiMesh@@QAE@XZ</DECORATED>
    <FUNCLINE>614</FUNCLINE>
    <PATH></PATH>
  </DEFECT>
  <DEFECT>
    <SFA>
      <FILEPATH>d:\github\sag-engine\assimp\include\assimp\</FILEPATH>
      <FILENAME>mesh.h</FILENAME>
      <LINE>614</LINE>
      <COLUMN>4</COLUMN>
    </SFA>
    <DEFECTCODE>26495</DEFECTCODE>
    <DESCRIPTION>Variable 'aiMesh::mColors' is uninitialized. Always initialize a member variable (type.6).</DESCRIPTION>
    <FUNCTION>aiMesh::{ctor}</FUNCTION>
    <DECORATED>??0aiMesh@@QAE@XZ</DECORATED>
    <FUNCLINE>614</FUNCLINE>
    <PATH></PATH>
  </DEFECT>
  <DEFECT>
    <SFA>
      <FILEPATH>d:\github\sag-engine\assimp\include\assimp\</FILEPATH>
      <FILENAME>anim.h</FILENAME>
      <LINE>69</LINE>
      <COLUMN>4</COLUMN>
    </SFA>
    <DEFECTCODE>26495</DEFECTCODE>
    <DESCRIPTION>Variable 'aiVectorKey::mTime' is uninitialized. Always initialize a member variable (type.6).</DESCRIPTION>
    <FUNCTION>aiVectorKey::{ctor}</FUNCTION>
    <DECORATED>??0aiVectorKey@@QAE@XZ</DECORATED>
    <FUNCLINE>69</FUNCLINE>
    <PATH></PATH>
  </DEFECT>
  <DEFECT>
    <SFA>
      <FILEPATH>d:\github\sag-engine\assimp\include\assimp\</FILEPATH>
      <FILENAME>anim.h</FILENAME>
      <LINE>110</LINE>
      <COLUMN>4</COLUMN>
    </SFA>
    <DEFECTCODE>26495</DEFECTCODE>
    <DESCRIPTION>Variable 'aiQuatKey::mTime' is uninitialized. Always initialize a member variable (type.6).</DESCRIPTION>
    <FUNCTION>aiQuatKey::{ctor}</FUNCTION>
    <DECORATED>??0aiQuatKey@@QAE@XZ</DECORATED>
    <FUNCLINE>110</FUNCLINE>
    <PATH></PATH>
  </DEFECT>
  <DEFECT>
    <SFA>
      <FILEPATH>d:\github\sag-engine\assimp\include\assimp\</FILEPATH>
      <FILENAME>anim.h</FILENAME>
      <LINE>154</LINE>
      <COLUMN>4</COLUMN>
    </SFA>
    <DEFECTCODE>26495</DEFECTCODE>
    <DESCRIPTION>Variable 'aiMeshKey::mValue' is uninitialized. Always initialize a member variable (type.6).</DESCRIPTION>
    <FUNCTION>aiMeshKey::{ctor}</FUNCTION>
    <DECORATED>??0aiMeshKey@@QAE@XZ</DECORATED>
    <FUNCLINE>154</FUNCLINE>
    <PATH></PATH>
  </DEFECT>
  <DEFECT>
    <SFA>
      <FILEPATH>d:\github\sag-engine\assimp\include\assimp\</FILEPATH>
      <FILENAME>anim.h</FILENAME>
      <LINE>154</LINE>
      <COLUMN>4</COLUMN>
    </SFA>
    <DEFECTCODE>26495</DEFECTCODE>
    <DESCRIPTION>Variable 'aiMeshKey::mTime' is uninitialized. Always initialize a member variable (type.6).</DESCRIPTION>
    <FUNCTION>aiMeshKey::{ctor}</FUNCTION>
    <DECORATED>??0aiMeshKey@@QAE@XZ</DECORATED>
    <FUNCLINE>154</FUNCLINE>
    <PATH></PATH>
  </DEFECT>
  <DEFECT>
    <SFA>
      <FILEPATH>d:\github\sag-engine\</FILEPATH>
      <FILENAME>ui.h</FILENAME>
      <LINE>10</LINE>
      <COLUMN>1</COLUMN>
    </SFA>
    <DEFECTCODE>26495</DEFECTCODE>
    <DESCRIPTION>Variable 'UI::active' is uninitialized. Always initialize a member variable (type.6).</DESCRIPTION>
    <FUNCTION>UI::{ctor}</FUNCTION>
    <DECORATED>??0UI@@QAE@PAD@Z</DECORATED>
    <FUNCLINE>10</FUNCLINE>
    <PATH></PATH>
  </DEFECT>
  <DEFECT>
    <SFA>
      <FILEPATH>d:\github\sag-engine\</FILEPATH>
      <FILENAME>application.cpp</FILENAME>
      <LINE>16</LINE>
      <COLUMN>13</COLUMN>
    </SFA>
    <DEFECTCODE>26495</DEFECTCODE>
    <DESCRIPTION>Variable 'Application::prevTicks' is uninitialized. Always initialize a member variable (type.6).</DESCRIPTION>
    <FUNCTION>Application::{ctor}</FUNCTION>
    <DECORATED>??0Application@@QAE@XZ</DECORATED>
    <FUNCLINE>16</FUNCLINE>
    <PATH></PATH>
  </DEFECT>
  <DEFECT>
    <SFA>
      <FILEPATH>d:\github\sag-engine\</FILEPATH>
      <FILENAME>application.cpp</FILENAME>
      <LINE>16</LINE>
      <COLUMN>13</COLUMN>
    </SFA>
    <DEFECTCODE>26495</DEFECTCODE>
    <DESCRIPTION>Variable 'Application::deltaTime' is uninitialized. Always initialize a member variable (type.6).</DESCRIPTION>
    <FUNCTION>Application::{ctor}</FUNCTION>
    <DECORATED>??0Application@@QAE@XZ</DECORATED>
    <FUNCLINE>16</FUNCLINE>
    <PATH></PATH>
  </DEFECT>
  <DEFECT>
    <SFA>
      <FILEPATH>d:\github\sag-engine\</FILEPATH>
      <FILENAME>application.cpp</FILENAME>
      <LINE>16</LINE>
      <COLUMN>13</COLUMN>
    </SFA>
    <DEFECTCODE>26495</DEFECTCODE>
    <DESCRIPTION>Variable 'Application::auxTimer' is uninitialized. Always initialize a member variable (type.6).</DESCRIPTION>
    <FUNCTION>Application::{ctor}</FUNCTION>
    <DECORATED>??0Application@@QAE@XZ</DECORATED>
    <FUNCLINE>16</FUNCLINE>
    <PATH></PATH>
  </DEFECT>
  <DEFECT>
    <SFA>
      <FILEPATH>d:\github\sag-engine\</FILEPATH>
      <FILENAME>application.cpp</FILENAME>
      <LINE>16</LINE>
      <COLUMN>13</COLUMN>
    </SFA>
    <DEFECTCODE>26495</DEFECTCODE>
    <DESCRIPTION>Variable 'Application::frameCount' is uninitialized. Always initialize a member variable (type.6).</DESCRIPTION>
    <FUNCTION>Application::{ctor}</FUNCTION>
    <DECORATED>??0Application@@QAE@XZ</DECORATED>
    <FUNCLINE>16</FUNCLINE>
    <PATH></PATH>
  </DEFECT>
  <DEFECT>
    <SFA>
      <FILEPATH>d:\github\sag-engine\</FILEPATH>
      <FILENAME>application.cpp</FILENAME>
      <LINE>16</LINE>
      <COLUMN>13</COLUMN>
    </SFA>
    <DEFECTCODE>26495</DEFECTCODE>
    <DESCRIPTION>Variable 'Application::fps' is uninitialized. Always initialize a member variable (type.6).</DESCRIPTION>
    <FUNCTION>Application::{ctor}</FUNCTION>
    <DECORATED>??0Application@@QAE@XZ</DECORATED>
    <FUNCLINE>16</FUNCLINE>
    <PATH></PATH>
  </DEFECT>
  <DEFECT>
    <SFA>
      <FILEPATH>d:\github\sag-engine\assimp\include\assimp\</FILEPATH>
      <FILENAME>vector3.h</FILENAME>
      <LINE>70</LINE>
      <COLUMN>4</COLUMN>
    </SFA>
    <DEFECTCODE>26495</DEFECTCODE>
    <DESCRIPTION>Variable 'aiVector3t&lt;float&gt;::x' is uninitialized. Always initialize a member variable (type.6).</DESCRIPTION>
    <FUNCTION>aiVector3t&lt;float&gt;::{ctor}</FUNCTION>
    <DECORATED>??0?$aiVector3t@M@@QAE@ABV0@@Z</DECORATED>
    <FUNCLINE>70</FUNCLINE>
    <PATH></PATH>
  </DEFECT>
  <DEFECT>
    <SFA>
      <FILEPATH>d:\github\sag-engine\assimp\include\assimp\</FILEPATH>
      <FILENAME>vector3.h</FILENAME>
      <LINE>70</LINE>
      <COLUMN>4</COLUMN>
    </SFA>
    <DEFECTCODE>26495</DEFECTCODE>
    <DESCRIPTION>Variable 'aiVector3t&lt;float&gt;::y' is uninitialized. Always initialize a member variable (type.6).</DESCRIPTION>
    <FUNCTION>aiVector3t&lt;float&gt;::{ctor}</FUNCTION>
    <DECORATED>??0?$aiVector3t@M@@QAE@ABV0@@Z</DECORATED>
    <FUNCLINE>70</FUNCLINE>
    <PATH></PATH>
  </DEFECT>
  <DEFECT>
    <SFA>
      <FILEPATH>d:\github\sag-engine\assimp\include\assimp\</FILEPATH>
      <FILENAME>vector3.h</FILENAME>
      <LINE>70</LINE>
      <COLUMN>4</COLUMN>
    </SFA>
    <DEFECTCODE>26495</DEFECTCODE>
    <DESCRIPTION>Variable 'aiVector3t&lt;float&gt;::z' is uninitialized. Always initialize a member variable (type.6).</DESCRIPTION>
    <FUNCTION>aiVector3t&lt;float&gt;::{ctor}</FUNCTION>
    <DECORATED>??0?$aiVector3t@M@@QAE@ABV0@@Z</DECORATED>
    <FUNCLINE>70</FUNCLINE>
    <PATH></PATH>
  </DEFECT>
</DEFECTS>